Date,Legist,Title,Content,num_legis,mum_sponsors,Term,substantiative_interest,pork_to_group,pork_to_district,sum,pork_bill
940318,吳敦義,軍人撫卹條例第十八條條文修正草案,落實軍人及眷屬之照顧（撫卹金）,5,49,601,1,1,0,2,1
940325,吳敦義,所得稅法第十七條條文修正草案,學費之特別扣除額應以每人所繳之學雜費為限,13,36,601,1,1,0,2,1
940401,吳敦義,所得稅法第十一條條文修正草案,保險人員申報時得扣除一定比例之業務必要費用,9,31,601,1,1,0,2,1
940506,吳敦義,土地稅法第二十八條之一條文修正草案,土地贈與文教基金會未能免爭土地增值稅，修正之,2,48,601,1,1,0,2,1
940506,吳敦義,敬老福利生活津貼暫行條例第三條條文修正草案,放寬請領資格之門檻,5,52,601,1,1,0,2,1
940527,吳敦義,洗錢防制法部分條文修正草案,給予法官較大權限；起訴期間禁止被告的高消費行為,1,65,601,0,0,0,0,0
940913,吳敦義,日據時代日本政府國庫券及債券處理條例草案,就是保障日據時代持有日本債券者,2,49,602,0,0,0,0,0
940916,吳敦義,大陸地區人民來臺從事觀光活動條例草案,開放大陸人民觀光，振興經濟,11,56,602,0,0,0,0,0
941021,吳敦義,限制欠稅人或欠稅營利事業負責人出境實施條例草案,現行法令僅為行政命令位階,13,32,602,0,0,0,0,0
941125,吳敦義,使用牌照稅法第七條條文修正草案,民營汽車駕駛人訓練機構之教練車亦應免徵使用牌照稅,2,52,602,1,1,0,2,1
951013,吳敦義,國有財產法第五十三條條文修正草案,100平以上非公用國有土地增加須經立院同意，避免賤賣國產,3,51,604,0,0,0,0,0
960118,吳敦義,公職人員選舉罷免法部分條文修正草案,有關候選人於投票日當天仍公開發佈攻擊對手之負面消息以及針對票數之計算作相當規範,5,53,604,0,0,0,0,0
960118,吳敦義,總統副總統選舉罷免法第三十四條及第六十三條條文修正草案,有關候選人票數差距在百分之一內時之驗票及相關規範,2,55,604,0,0,0,0,0
940325,林耘生,老年農民福利津貼暫行條例第四條條文修正草案,放寬請領資格之限制,4,32,601,1,1,0,2,1
940520,林耘生,菸害防制法修正草案,加強國內煙害防制，落實煙草控制框架公約之精神,4,52,601,0,0,0,0,0
940527,林耘生,全民健康保險法部分條文修正草案,將受刑人全面納入全民健保,9,50,601,1,1,0,2,1
940916,林耘生,農業發展條例刪除第三十一條及第三十九條條文修正草案,有關限制耕地所有權移轉登記之相關規定不盡合理且不公平，為保障農民權益，故刪除之,2,30,602,0,0,0,0,0
941007,林耘生,就業服務法部分條文修正草案,現行規定對於一般雇主之限制與罰則皆極重,1,31,602,1,1,0,2,1
941028,林耘生,公職人員選舉罷免法部分條文修正草案,選舉公報所登載候選人之學經歷常有浮誇欺瞞之嫌，嚴重侵害選民知的權利,2,34,602,0,0,0,0,0
941206,林耘生,民法親屬編第一千零五十九條條文修正草案,有關換姓的規定,2,37,602,0,0,0,0,0
941206,林耘生,警察人員管理條例第十七條條文修正草案,現行條文規定初任警察職務免予試用之標準不符實情,1,30,602,0,0,0,0,0
950111,林耘生,電信法第三十二條條文修正草案,明文規定基地台之設置地點,8,61,602,0,0,0,0,0
950331,林耘生,債務催收行為法草案,將債務催收行為導入法制管理,7,39,603,0,0,0,0,0
950421,林耘生,高級中學法第十二條條文修正草案,有關附屬高中校長遴選之規定不合理,2,38,603,0,0,0,0,0
951110,林耘生,道路交通管理處罰條例第九條之一條文修正草案,44條違反法律保留原則，應當明文規定,3,39,604,0,0,0,0,0
960608,林耘生,國防部組織法第十一條條文修正草案,國防科研機構位階太低,12,42,605,0,0,0,0,0
940401,湯火聖,農產品標示法草案,規範農產品標示不清之問題,3,36,601,0,0,0,0,0
950331,湯火聖,國防部軍備局組織條例第五條條文修正草案,明訂中山科學研究院組織定位,9,37,603,0,0,0,0,0
950331,湯火聖,國防部參謀本部組織條例第三條、第六條及第七條條文修正草案,配合國防法修正,9,38,603,0,0,0,0,0
950407,湯火聖,國軍老舊眷村改建條例部分條文修正草案,保留眷村文化及其經費,21,47,603,1,1,0,2,1
951027,湯火聖,兵役法第十七條條文修正草案,將補充兵之軍事訓練廢除,3,30,604,0,0,0,0,0
951222,湯火聖,老年農民福利津貼暫行條例第四條條文修正草案,放寬領取資格之限制,6,30,604,1,1,0,2,1
960413,湯火聖,農民健康保險條例第十九條條文修正草案,,5,32,605,1,1,0,2,1
960608,湯火聖,國防部組織法第十一條條文修正草案,國防科研機構位階太低,12,42,605,0,0,0,0,0
940318,陳志彬,菸酒稅法第八條條文修正草案,米酒恢復不課徵菸酒稅,6,32,601,1,1,0,2,1
940318,陳志彬,八二三戰役參戰官兵晚年生活照顧特別條例草案,照顧823抗戰榮民晚年生活,14,39,601,1,1,0,2,1
940325,陳志彬,所得稅法第十七條條文修正草案,學費之特別扣除額應以每人所繳之學雜費為限,13,36,601,1,1,0,2,1
940408,陳志彬,公教人員退休金特別條例草案,保障合法退休權益，配合政府再造，完善公教人員退休金預算編列,7,30,601,1,1,0,2,1
940408,陳志彬,宗教團體法草案,監督寺廟條例僅以佛、道教為為適用對象,5,48,601,0,0,0,0,0
940408,陳志彬,聽語師法草案,健全聽語師之輔導管理與培訓,5,46,601,0,0,0,0,0
940513,陳志彬,行政院原住民族委員會組織條例第十條條文修正草案,彰顯原住民族之主體性，強化民族代表之功能,4,40,601,0,0,0,0,0
941007,陳志彬,臺灣地區與大陸地區人民關係條例第三十八條條文修正草案,儘速建立兩岸貨幣清算機制,13,110,602,0,0,0,0,0
960118,陳志彬,農業發展條例第十八條、第三十七條及第三十八條條文修正草案,為避免各縣市對於應課徵稅負之標準認定不一，應明確規範追繳、課徵應納稅負,6,53,604,0,0,0,0,0
960118,陳志彬,遺產及贈與稅法第十七條及第二十條條文修正草案,為避免各縣市對於應課徵稅負之標準認定不一，應明確規範追繳、課徵應納稅負,8,52,604,0,0,0,0,0
960118,陳志彬,土地稅法第三十九條之二條文修正草案,為避免各縣市對於應課徵稅負之標準認定不一，應明確規範追繳、課徵應納稅負,8,53,604,0,0,0,0,0
960118,陳志彬,平均地權條例第四十五條條文修正草案,為避免各縣市對於應課徵稅負之標準認定不一，應明確規範追繳、課徵應納稅負,7,55,604,0,0,0,0,0
960413,陳志彬,老年農民福利津貼暫行條例第四條、第六條及第七條條文修正草案,提高金額,5,31,605,1,1,0,2,1
960413,陳志彬,敬老福利生活津貼暫行條例第三條及第十四條條文修正草案,提高金額,5,30,605,1,1,0,2,1
940311,何敏豪,監試法,監委難產，影響考生權益，提案廢監試法,3,50,601,0,0,0,0,0
940311,何敏豪,專門職業及技術人員考試法第二十五條條文修正草案,監委難產，影響考生權益，提案廢監試法,3,50,601,0,0,0,0,0
940311,何敏豪,公務人員考試法第十一條條文修正草案,監委難產，影響考生權益，提案廢監試法,3,50,601,0,0,0,0,0
940318,何敏豪,警察人員福利法草案,警察人員福利法制化,5,34,601,1,0,0,1,0
940318,何敏豪,性侵害犯罪防治法第八條條文修正草案,加強兒童、青少年自我保護之性知識,5,40,601,0,0,0,0,0
940318,何敏豪,所得稅法第十七條條文修正草案,適度增加保險費用的扣除額,4,33,601,1,1,0,2,1
940325,何敏豪,遊說法草案,使遊說遵循公開、透明程序,4,36,601,0,0,0,0,0
940401,何敏豪,行政院金融重建基金設置及管理條例部分條文修正草案,上屆有共識，但未完成立法程序,17,147,601,0,0,0,0,0
940401,何敏豪,學校教職員退休條例第二條條文修正草案,將涉及教職員之重要權利義務提升至本法規範,6,38,601,1,1,0,2,1
940401,何敏豪,學校教職員撫卹條例第二條條文修正草案,將涉及教職員之重要權利義務提升至本法規範,6,40,601,1,1,0,2,1
940401,何敏豪,所得稅法第十七條條文修正草案,電腦資訊設備支出列舉扣除額,4,37,601,1,1,0,2,1
940415,何敏豪,土地徵收條例第六十一條條文修正草案,土地徵收若未按計畫使用，其申請收回，亦應溯及適用,3,34,601,0,0,0,0,0
940422,何敏豪,臺灣地區與大陸地區人民關係條例第三十八條條文修正草案,將涉及銀行業務之條文，配合機關改制修正為行政院金管會,2,38,601,0,0,0,0,0
940422,何敏豪,濫發商業電子訊息管理法草案,避免垃圾郵件成為散播犯罪之溫床,4,31,601,0,0,0,0,0
940422,何敏豪,詐財案件緊急處理條例草案,賦予警察機關首長得令該犯罪案件相關金融業者，對金融帳戶進行必要限制,4,31,601,0,0,0,0,0
940513,何敏豪,八二三戰役義務役官兵晚年生活照顧特別條例草案,給予八二三戰役之官兵實質照顧和實惠,3,35,601,1,1,0,2,1
940520,何敏豪,敬老福利生活津貼暫行條例第三條條文修正草案,放寬請領資格之限制,5,55,601,1,1,0,2,1
940527,何敏豪,中華民國刑法第一百三十七條條文修正草案,對國家考試中舞弊者科以刑責,3,34,601,0,0,0,0,0
940527,何敏豪,娛樂稅法第二條條文修正草案,撞球、保齡球、高爾夫屬運動項目，免課娛樂稅,3,30,601,1,1,0,2,1
940913,何敏豪,勞工保險條例第三十條、第六十三條及第六十四條條文修正草案,延長保險給付請求權時效；放寬請領遺屬津貼規定,2,36,602,1,1,0,2,1
940913,何敏豪,兵役法部分條文修正草案,降低除役年齡，減少後備軍人列管人數,4,34,602,0,0,0,0,0
940923,何敏豪,印花稅法,建請廢止印花稅法,2,38,602,1,1,0,2,1
940930,何敏豪,國防法部分條文修正草案,現行法令不符民主國家完善法制建設所需,1,37,602,0,0,0,0,0
941007,何敏豪,殺傷性地雷管制條例草案,順應國際反地雷運動之潮流,11,62,602,0,0,0,0,0
941014,何敏豪,國家安全法第八條條文修正草案,現役軍人平時犯罪應由普通法院處理，戰時才依陸海空軍刑法,2,30,602,0,0,0,0,0
941028,何敏豪,道路交通管理處罰條例第三十一條條文修正草案,行駛高速公路後座乘客強制繫安全帶,5,39,602,0,0,0,0,0
941104,何敏豪,脊醫師法草案,國內欠缺脊骨神經醫學專業之明確規範,8,92,602,0,0,0,0,0
941111,何敏豪,工會法第十六條條文修正草案,消弭因國籍不同所產生之人權歧視,3,33,602,0,0,0,0,0
941223,何敏豪,公共債務法第四條條文修正草案,提高政府舉債上限,3,31,602,0,0,0,0,0
950331,何敏豪,民事更生法草案,保障債務人（卡爆族）生存權利與尊嚴,5,36,603,0,0,0,0,0
950331,何敏豪,國防部軍備局組織條例第五條條文修正草案,明訂中山科學研究院組織定位,9,37,603,0,0,0,0,0
950331,何敏豪,國防部參謀本部組織條例第三條、第六條及第七條條文修正草案,配合國防法修正,9,38,603,0,0,0,0,0
950407,何敏豪,國軍老舊眷村改建條例部分條文修正草案,保留眷村文化及其經費,21,47,603,1,1,0,2,1
950407,何敏豪,家事服務法草案,保障監護工與幫傭之權利與尊嚴，將其勞動法制化,7,43,603,0,0,0,0,0
950428,何敏豪,民法第一千零五十九條條文修正草案,姓名權為人格權之一種，如何命名為個人之自由,3,42,603,0,0,0,0,0
950512,何敏豪,能源稅條例草案,因應國際趨勢，鼓勵節約能源，達成溫室氣體減量,17,117,603,0,0,0,0,0
960112,何敏豪,職工福利金條例第二條條文修正草案,落實公營企業中之分紅精神，可避免其員工在虧損時仍享有優渥福利情形,3,41,604,0,0,0,0,0
960330,何敏豪,記帳士法第二條條文修正草案,領有記帳及報稅代理業務人證明書者，得換領記帳士證書,20,98,605,0,0,0,0,0
960427,何敏豪,加值型及非加值型營業稅法增訂第十五條之一條文草案,避免重複課稅,10,68,605,1,1,0,2,1
960504,何敏豪,社會救助法第四條條文修正草案,放寬低收入戶門檻,4,35,605,1,1,0,2,1
960511,何敏豪,耕地三七五減租條例修正草案,貫徹耕地租賃自由化、促進農業結構升級,5,32,605,0,0,0,0,0
960608,何敏豪,日據時代株式會社台灣銀行海外分支機構存款及匯款處理條例第四條及第六條條文修正草案,有利於這些存款人,2,30,605,1,1,0,2,1
961026,何敏豪,土木建設法草案,增建土木工程建設之許可制度、促進公共安全,8,41,606,0,0,0,0,0
940527,李明憲,聽語師法草案,建立聽語專業人員證照制度,7,43,601,0,0,0,0,0
940527,李明憲,促進產業升級條例第二十八條條文修正草案,看不懂@@,1,33,601,1,1,0,2,1
950512,李明憲,能源稅條例草案,因應國際趨勢，鼓勵節約能源，達成溫室氣體減量,17,117,603,0,0,0,0,0
960608,李明憲,特殊教育法修正草案,提高特殊教育預算等改革,12,42,605,1,1,0,2,1
940318,沈智慧,軍人撫卹條例第十八條條文修正草案,落實軍人及眷屬之照顧（撫卹金）,5,49,601,1,1,0,2,1
940318,沈智慧,行政院組織法第三條條文修正草案,落實軍人照顧，將退輔會改制為退伍軍人事務部,9,35,601,1,1,0,2,1
940318,沈智慧,菸酒稅法第八條條文修正草案,米酒恢復不課徵菸酒稅,6,32,601,1,1,0,2,1
940325,沈智慧,兩性工作平等法第十四條條文修正草案,女性受僱者生理假不應併入病假計算,4,32,601,0,0,0,0,0
940325,沈智慧,加值型及非加值型營業稅法第八條條文修正草案,農民自產自銷，因運送而有包裝必要之食品，免徵營業稅,1,38,601,1,1,0,2,1
940325,沈智慧,公寓大廈管理條例增訂第五十九條之一條文草案,設置公寓大廈爭議事件調理委員會,3,32,601,0,0,0,0,0
940325,沈智慧,民法親屬編第一千零五十二條條文修正草案,保障婦女於婚姻關係無法存續時之自主權,1,30,601,0,0,0,0,0
940325,沈智慧,地方制度法第八十二條條文修正草案,地方首長去職、辭職所遺任期，由該屆選舉人次高票者遞補,3,34,601,0,0,0,0,0
940325,沈智慧,退伍軍人福利法草案,竭力維護退伍軍人之福祉,11,35,601,1,1,0,2,1
940325,沈智慧,公職人員選舉罷免法第二十條條文修正草案,推動不在籍投票,4,41,601,0,0,0,0,0
940325,沈智慧,精神衛生法增訂第十二條之一條文草案,成立憂鬱症共同照護網,3,48,601,0,1,0,1,0
940325,沈智慧,所得稅法第十七條條文修正草案,學費之特別扣除額應以每人所繳之學雜費為限,13,36,601,1,1,0,2,1
940401,沈智慧,農民健康保險條例部分條文修正草案,以老農保險方式給付老農退休金,5,45,601,1,1,0,2,1
940401,沈智慧,警察人員管理條例第三十條條文修正草案,維護警員權益，使之有與公務員平等之福利,5,32,601,0,0,0,0,0
940401,沈智慧,公職人員選舉罷免法第三十八條條文修正草案,村里長選舉應比照其它公職選舉，繳納一定保證金,3,30,601,0,0,0,0,0
940408,沈智慧,公教人員退休金特別條例草案,保障合法退休權益，配合政府再造，完善公教人員退休金預算編列,7,30,601,1,1,0,2,1
940408,沈智慧,臺灣地區與大陸地區人民關係條例第六十八條條文修正草案,無人繼承之遺產軍祝榮民榮眷基金會，但僅限於該條例生效之前，似有不妥,1,34,601,1,1,0,2,1
940408,沈智慧,宗教團體法草案,監督寺廟條例僅以佛、道教為為適用對象,5,48,601,0,0,0,0,0
940408,沈智慧,聽語師法草案,健全聽語師之輔導管理與培訓,5,46,601,0,0,0,0,0
940408,沈智慧,菸酒稅法第二十二條條文修正草案,將煙品健康福利捐改為從價課收，以達以價制量之效，也可保障煙農,3,39,601,1,0,0,1,0
940415,沈智慧,電子廣告信件管理條例草案,對垃圾郵件問題提出管理辦法,3,33,601,0,0,0,0,0
940415,沈智慧,通訊投票法草案,選舉由戶籍制改為登記制，以利於不在籍之選民,4,30,601,0,0,0,0,0
940415,沈智慧,私有既成道路徵收補償處理條例草案,私有既成道路徵收補償經費由中央政府替地方政府全額負擔,4,30,601,1,0,1,2,1
940415,沈智慧,行政院組織法第三條條文修正草案,成立性別平等委員會,8,43,601,0,0,0,0,0
940415,沈智慧,銀行法第四十一條條文修正草案,銀行存款利率並未隨景氣不好而降，有不當得利之嫌,4,32,601,0,0,0,0,0
940415,沈智慧,公共電視法部分條文修正草案,賦予公視全程轉播立院議事現場不加任何評論之任務,2,50,601,0,0,0,0,0
940415,沈智慧,臺灣地區與大陸地區人民關係條例第九條條文修正草案,內政部要求提供赴大陸人事之資料，侵犯隱私權,3,35,601,0,1,0,1,0
940415,沈智慧,老人福利法第九條、第十二條及第二十五條條文修正草案,定義弄明確一點，另外小型機構亦可接受合理之補助,3,32,601,1,1,0,2,1
940422,沈智慧,農業發展條例第十八條條文修正草案,將興建農舍之所有面積限制放寬至0.1公頃，活絡農村發展,6,31,601,0,0,0,0,0
940422,沈智慧,游離輻射防護法部分條文修正草案,被禁止之商品，於改正後可繼續銷售或使用,2,31,601,0,0,0,0,0
940422,沈智慧,民法第二百零五條條文修正草案,民間金融消費利率大幅下降，但民法最高利率限制的規定尚未加以反應,7,37,601,0,0,0,0,0
940429,沈智慧,菸害防制法增訂第四條之一至第四條之六條文草案,採以價課徵之原則,3,30,601,1,0,0,1,0
940506,沈智慧,農會法增訂第四十九條之三條文草案,農會選任人員因公傷亡時，因發與醫療補助金及撫卹金,4,44,601,1,1,0,2,1
940506,沈智慧,菸害防制法修正草案,維護國人健康,4,35,601,0,0,0,0,0
940513,沈智慧,性侵害犯罪防治法第八條條文修正草案,本法未若其它相關法律般，有性侵害通報之規定，故修正之,3,34,601,0,0,0,0,0
940513,沈智慧,教師法第三十六條條文修正草案,將幼稚園專任教師退休、撫卹等相關權益納入本法適用之內,7,35,601,1,1,0,2,1
940520,沈智慧,老年農民福利津貼暫行條例第四條條文修正草案,軍公教及勞工皆放寬保險給付之限制，農民應該比照,5,45,601,1,1,0,2,1
940527,沈智慧,公益彩券發行條例第一條及第六條條文修正草案,彩券盈餘利用應公開透明，且要注挹地方單位，嘉惠百姓,8,40,601,0,0,0,0,0
940527,沈智慧,國民教育法部分條文修正草案,全面實施國民教育向下延伸一年,7,43,601,1,1,0,2,1
940527,沈智慧,農業發展條例第三十一條條文修正草,農地存在墳墓、土地公廟面積在八十平方公尺以下者，也能辦理所有權移轉,4,31,601,0,0,0,0,0
940527,沈智慧,八二三戰役參戰榮民晚年生活照顧特別條例草案,保障八二三戰役參戰榮民晚年生活,6,31,601,1,1,0,2,1
940527,沈智慧,身心障礙者保護法第三十一條條文修正草案,對於身障者工作機會的保障,5,39,601,1,1,0,2,1
940913,沈智慧,國營事業管理法部分條文修正草案,有效解決國營事業種種弊端,3,34,602,0,0,0,0,0
940913,沈智慧,日據時代日本政府國庫券及債券處理條例草案,就是保障日據時代持有日本債券者,2,49,602,1,1,0,2,1
940913,沈智慧,身心障礙者保護法增訂第七十三條之一條文草案,徹底落實保護身心障礙者之生活,5,40,602,0,0,0,0,0
940913,沈智慧,勞動基準法第五十六條條文修正草案,避免勞退基金虧損由全體納稅人承擔,4,39,602,0,0,0,0,0
940913,沈智慧,兩性工作平等法第十五條條文修正草案,延長陪產假由兩天為一週,5,30,602,0,0,0,0,0
940916,沈智慧,大陸地區人民來臺從事觀光活動條例草案,開放大陸人民觀光，振興經濟,11,56,602,0,0,0,0,0
941007,沈智慧,家庭暴力防治法部分條文修正草案,家暴法仍有不少缺失,27,112,602,0,0,0,0,0
941125,沈智慧,營造業法第三十一條條文修正草案,工地主任評定合格之定義，並規定工地主任應組織全國工地主任工會,6,70,602,0,0,0,0,0
950111,沈智慧,加值型及非加值型營業稅法第八條條文修正草案,盆栽屬於免稅項目之一,2,34,602,1,1,0,2,1
950111,沈智慧,電信法第三十二條條文修正草案,明文規定基地台設置地點,8,61,602,0,0,0,0,0
950310,沈智慧,政府採購法部分條文修正草案,公平、正義且有效率解決政府採購爭議,2,39,603,0,0,0,0,0
950317,沈智慧,農業發展條例刪除第三十一條及修正第三十九條條文草案,限定耕地所有權移轉登記之相關規定，嚴重影響農民權益,5,32,603,0,0,0,0,0
950407,沈智慧,社會秩序維護法增訂第七十九條之一條文草案,KTV、酒店等應提供代客叫車服務以避免酒駕，否則罰錢,2,43,603,0,0,0,0,0
950407,沈智慧,刑事訴訟法第三十一條及第三十五條條文修正草案,保障智能障礙者在刑事訴訟過程中之權益,3,39,603,0,0,0,0,0
950407,沈智慧,國防部總政治作戰局組織條例修正草案,提升國防部政治作戰局之組織位階,9,33,603,0,0,0,0,0
950421,沈智慧,民法親屬編施行法增訂第八條之一條文草案,落落長看不懂,2,41,603,0,0,0,0,0
950421,沈智慧,加值型及非加值型營業稅法第八條條文修正草案,使部分農產品批發市場符合免徵營業稅條件,6,43,603,1,1,0,2,1
950421,沈智慧,個人債務重生法草案,保障債權人財產之餘，並有效兼顧債務人經濟復甦更生,4,42,603,0,0,0,0,0
950421,沈智慧,民法親屬編部分條文修正草案,落落長看不懂,2,41,603,0,0,0,0,0
950421,沈智慧,債務催收行為法草案,平衡債權人、債務人權益，維護社會秩序,8,36,603,0,0,0,0,0
950421,沈智慧,全民健康保險法第八十七條之二條文修正草案,應編列預算補助經濟特殊困難者參加健保,4,42,603,1,1,0,2,1
950428,沈智慧,貿易法第二十條之二條文修正草案,我國農產品原產地之證書發放，未由具有農業背景之團體核發,4,30,603,0,0,0,0,0
950428,沈智慧,民法第一千零五十九條條文修正草案,姓名權為人格權之一種，如何命名為個人之自由,3,42,603,0,0,0,0,0
950428,沈智慧,民法親屬編施行法第八條條文修正草案,本條違反法律明確性原則,2,31,603,0,0,0,0,0
950428,沈智慧,破產法部分條文修正草案,謀求債權人公平受償、債務人經濟復甦更生的破產法,2,40,603,0,0,0,0,0
950428,沈智慧,停車場法增訂第三十九條之二條文草案,規定公有路外公共停車場佔用身心障礙位之罰則,5,40,603,1,1,0,2,1
950505,沈智慧,公路法第二十四條條文修正草案,現行公路徵收通行費年限往往憑行政機關變更延長，對用路人權益保障不足,4,36,603,0,0,0,0,0
950512,沈智慧,社會救助法第五條條文修正草案,很複雜，但我確定是分配政策,3,32,603,1,1,0,2,1
950512,沈智慧,消費者債務清理條例草案,積極保障卡奴權益，因為卡爆族無法適用破產法提出更生,8,45,603,0,0,0,0,0
950512,沈智慧,老人福利法修正草案,維護老人尊嚴、保障老人權益,17,60,603,1,1,0,2,1
950512,沈智慧,鐵路法第六十三條條文修正草案,以保險方式分擔鐵路運輸風險，保障旅客,5,42,603,0,0,0,0,0
950519,沈智慧,民事更生法草案,保障債務人生存權利與尊嚴,3,65,603,0,0,0,0,0
950519,沈智慧,司法人員人事條例部分條文修正草案,使申請破產及更生事件能更有效率處理,6,43,603,0,0,0,0,0
950519,沈智慧,保全業法第十條之二條文修正草案,現行規定保全應一個月接受四小時訓練，實行上有困難,1,33,603,0,0,0,0,0
950519,沈智慧,森林法第八條條文修正草案,讓先前不知情違法佔用公有林地之宗教團體，可取得所有權依法使用,5,36,603,1,1,0,2,1
950519,沈智慧,聽力師法草案,提升聽力專業人員素質與服務品質，將其納入管理,2,33,603,0,0,0,0,0
950519,沈智慧,法院組織法部分條文修正草案,使申請破產及更生事件能更有效率處理,6,41,603,0,0,0,0,0
950526,沈智慧,法院組織法第六十六條條文修正草案,延攬資深優良律師出任二審檢察官,4,75,603,0,0,0,0,0
950919,沈智慧,行政院農業委員會組織條例部分條文修正草案,增設動物保護處,5,34,604,0,0,0,0,0
950919,沈智慧,集會遊行法部分條文修正草案,將事前許可制改為事前報備制,6,40,604,0,0,0,0,0
950919,沈智慧,貿易法第十條條文修正草案,促進貿易自由化，免除逐案辦理簽證之手續,3,36,604,0,0,0,0,0
951013,沈智慧,公司法部分條文修正草案,修正代表訴訟之法律結構，以保障公私與股東權益,2,49,604,0,0,0,0,0
951013,沈智慧,道路交通管理處罰條例第十八條條文修正草案,行政機關附加母法所無之條件限制,3,51,604,0,0,0,0,0
951020,沈智慧,所得稅法第一百零八條及第一百零八條之一條文修正草案,滯報金應有合理最高額之限制,5,30,604,1,0,0,1,0
951020,沈智慧,財政收支劃分法第八條條文修正草案,解決地方財源困窘之難題,6,30,604,1,0,1,2,1
951020,沈智慧,道路交通管理處罰條例第五十六條條文修正草案,將長期佔用及欠繳停車費之車輛移至適當處所,3,54,604,0,0,0,0,0
951027,沈智慧,行政執行法第七條條文修正草案,該條第一項之除外規定使立法意旨無從貫徹,1,35,604,0,0,0,0,0
951027,沈智慧,稅捐稽徵法第二十三條條文修正草案,就納稅義務人時間未有明確規定，導致納稅義務人成為稅奴,1,37,604,0,0,0,0,0
951103,沈智慧,刑事訴訟法第二百七十三條之一及第二百八十四條之一條文修正草案,看不懂的司法改革,6,35,604,0,0,0,0,0
951103,沈智慧,刑事訴訟法第一百八十二條條文修正草案,新增心理師得拒絕因其業務知悉之證言,4,44,604,0,0,0,0,0
951103,沈智慧,道路交通管理處罰條例部分條文修正草案,推動緩執行、禁止不當連結、改採行政救濟等五項改革,3,41,604,0,0,0,0,0
951110,沈智慧,石油管理法第三十六條條文修正草案,將石油基金用於安全管理之措施,2,39,604,0,0,0,0,0
951117,沈智慧,心理師法部分條文修正草案,原條文過度限制心理師空間，且罰則總計高達16條,2,33,604,0,0,0,0,0
951124,沈智慧,有線廣播電視法增訂第三十五條之一條文草案,訂定相關換照之明確標準以供遵行,2,44,604,0,0,0,0,0
951124,沈智慧,道路交通管理處罰條例部分條文修正草案,太專業看不懂,3,35,604,0,0,0,0,0
951215,沈智慧,特殊境遇婦女家庭扶助條例名稱及部分條文修正草案,保障受家暴的男人,6,33,604,1,1,0,2,1
951222,沈智慧,勞工保險條例第十二條條文修正草案,使公營事業移轉民營後，員工之公保年資得以併計,9,35,604,1,1,0,2,1
951222,沈智慧,全民健康保險法增訂第二十八條之一及第二十九條之一條文草案,健保補助費應由中央全額負擔,4,42,604,1,0,1,2,1
951229,沈智慧,兒童及少年福利法第二十六條及第五十五條條文修正草案,報紙刊登血腥暴力或色情之內容，應該開罰,4,38,604,0,0,0,0,0
960105,沈智慧,兒童及少年福利法第三十四條及第四十七條條文修正草案,將里幹事、村里長納為責任通報者，以期減少兒童受虐事件,4,42,604,0,0,0,0,0
960105,沈智慧,社會救助法第五條條文修正草案,放寬請領的門檻,6,30,604,1,1,0,2,1
960112,沈智慧,行政訴訟法增訂第二百四十一條之一條文草案,增訂稅務行政事件級其他會計師法定業務事件，會計師為法定代理人之規定,3,32,604,0,0,0,0,0
960112,沈智慧,中央行政機關及直轄市政府機關首長特別費支給條例草案,明確編定特別費支用相關細節，根絕中央政府機關濫編特別費之惡例,3,35,604,0,0,0,0,0
960112,沈智慧,政府採購法第一百零一條條文修正草案,明定有罪判決確定者，才得將廠商刊登採購公報,2,42,604,0,0,0,0,0
960118,沈智慧,兒童及少年福利法第十九條條文修正草案,增列遭遇困境之單親家庭子女，為受地方政府福利服務的對象之一，並優先享有公立托兒所之托育服務,9,33,604,1,1,0,2,1
960118,沈智慧,社區發展法草案,為活化公民自主的社區意識,2,35,604,0,0,0,0,0
960118,沈智慧,土地稅法第三十九條之二條文修正草案,為避免各縣市對於應課徵稅負之標準認定不一，應明確規範追繳、課徵應納稅負,8,53,604,0,0,0,0,0
960118,沈智慧,平均地權條例第四十五條條文修正草案,為避免各縣市對於應課徵稅負之標準認定不一，應明確規範追繳、課徵應納稅負,7,55,604,0,0,0,0,0
960118,沈智慧,道路交通管理處罰條例第九條條文修正草案,規定交通罰緩應至少提撥七成，專款專用於改善道路工程及促進交通安全相關事項,5,37,604,0,0,0,0,0
960118,沈智慧,公職人員選舉罷免法部分條文修正草案,有關候選人於投票日當天仍公開發佈攻擊對手之負面消息以及針對票數之計算作相當規範,5,53,604,0,0,0,0,0
960118,沈智慧,公職人員選舉罷免法第十五條及第二十條條文修正草案,保障我國駐外人員之選舉權,8,58,604,0,0,0,0,0
960118,沈智慧,總統副總統選舉罷免法第三十四條及第六十三條條文修正草案,有關候選人票數差距在百分之一內時之驗票及相關規範,2,55,604,0,0,0,0,0
960118,沈智慧,總統副總統選舉罷免法第十二條條文修正草案,保障我國駐外人員之選舉權,8,55,604,0,0,0,0,0
960302,沈智慧,所得稅法第十七條條文修正草案,增加單親家庭納稅免稅額,5,42,605,1,1,0,2,1
960309,沈智慧,就業服務法第五條條文修正草案,明確規定勞工可能遭受歧視之範圍,4,37,605,0,0,0,0,0
960316,沈智慧,公職人員選舉罷免法第四十三條及第六十五條條文修正草案,行政驗票,6,30,605,0,0,0,0,0
960330,沈智慧,記帳士法第二條條文修正草案,領有記帳及報稅代理業務人證明書者，得換領記帳士證書,20,98,605,0,0,0,0,0
960330,沈智慧,就業服務法第五十八條條文修正草案,外勞失蹤亦可申請遞補,4,38,605,0,0,0,0,0
960410,沈智慧,審計法增訂第七十八條之一條文草案,有關特別費使用問題之修正,3,38,605,0,0,0,0,0
960410,沈智慧,警察人員管理條例第二十二條條文修正草案,提高基層員警之年功俸,11,33,605,1,1,0,2,1
960410,沈智慧,敬老福利生活津貼暫行條例第三條條文修正草案,調高津貼之金額,19,40,605,1,1,0,2,1
960413,沈智慧,教育經費編列與管理法第二條、第三條及第十三條條文修正草案,落實教育經費專款專用，提升教育經費使用績效,4,41,605,0,0,0,0,0
960413,沈智慧,殯葬管理條例第九條條文修正草案,和分配沒關,2,33,605,0,0,0,0,0
960413,沈智慧,國家賠償法第八條條文修正草案,延長國賠請求權之時效,3,35,605,1,1,0,2,1
960420,沈智慧,槍砲彈藥刀械管制條例第七條條文修正草案,提高刑責,4,33,605,0,0,0,0,0
960420,沈智慧,敬老福利生活津貼暫行條例第三條條文修正草案,提高金額,5,31,605,1,1,0,2,1
960525,沈智慧,學校教職員退休條例第十八條條文修正草案,私立護理教師之退休金,7,32,605,1,1,0,2,1
960608,沈智慧,日據時代株式會社台灣銀行海外分支機構存款及匯款處理條例第四條及第六條條文修正草案,有利於這些存款人,2,30,605,1,1,0,2,1
960615,沈智慧,資深村(里)、鄰長退職獎勵撫卹條例草案,有夠分配的分配阿,12,42,605,1,1,0,2,1
960911,沈智慧,原住民族工作權保障法部分條文修正草案,有關廠商不用繳代金,2,31,606,1,1,0,2,1
960911,沈智慧,消防法部分條文修正草案,安裝熱水器人員應列冊以利縣市政府管理,3,30,606,0,0,0,0,0
960921,沈智慧,道路交通管理處罰條例部分條文修正草案,帶有酒氣駕車即處以罰鍰,3,33,606,0,0,0,0,0
960921,沈智慧,道路交通管理處罰條例增訂第七條之三條文草案,送達處所之改革,3,36,606,0,0,0,0,0
960921,沈智慧,道路交通管理處罰條例第八條及第八十九條條文修正草案,交通處罰由公路主管機關統一辦理,3,38,606,0,0,0,0,0
960921,沈智慧,動物保護法部分條文修正草案,明訂寵物養殖、買賣、寄養業者更換執照年限,4,40,606,0,0,0,0,0
960921,沈智慧,菸酒管理法第三十三條條文修正草案,因標示酒後開車、害人害己標誌,3,37,606,0,0,0,0,0
961005,沈智慧,敬老福利生活津貼暫行條例第三條條文修正草案,擴大津貼請領之範圍,10,36,606,1,1,0,2,1
961005,沈智慧,有線廣播電視法第五十一條條文修正草案,防止收費標準出現多頭馬車之情形，顧及民眾之福祉,3,52,606,1,0,0,1,0
961005,沈智慧,全民健康保險法第十九條及第二十一條條文修正草案,有關勞工的保費，是在剝削弱勢,19,46,606,1,1,0,2,1
961012,沈智慧,水汙染防治法部分條文修正草案,減輕畜牧業之負擔,11,40,606,1,1,0,2,1
961019,沈智慧,公益彩券發行條例第八條條文修正草案,擴大身心障礙者及原住民就業機會,2,51,606,1,0,0,1,0
961026,沈智慧,公司法第一百九十八條條文修正草案,公司治理….,3,30,606,0,0,0,0,0
961026,沈智慧,民法繼承編部分條文修正草案,繼承咩,5,33,606,0,0,0,0,0
961102,沈智慧,桃園國際機場特別條例草案,桃園國際機場,17,107,606,1,0,1,2,1
961102,沈智慧,所得稅法第十七條條文修正草案,提高單親家庭之免稅額度,5,32,606,1,1,0,2,1
961102,沈智慧,房屋稅條例第五條條文修正草案,某些人得以減稅,4,34,606,1,1,0,2,1
961102,沈智慧,民法繼承編第一千一百四十八條及第一千一百七十四條條文修正草案,有關拋棄繼承之規定,5,34,606,0,0,0,0,0
961107,沈智慧,社會救助法部分條文修正草案,降低低收入戶門檻等,14,30,606,1,1,0,2,1
961107,沈智慧,中華民國刑法增訂第三百二十一條之一及第三百四十九條之一條文草案,,4,37,606,0,0,0,0,0
961107,沈智慧,民法繼承編施行法增訂第一條之一條文草案,,3,32,606,0,0,0,0,0
961116,沈智慧,水利法第八十二條、第八十三條及第八十三條之一條文修正草案,減免地價稅等,5,45,606,1,1,0,2,1
961116,沈智慧,大學法第二條、第五條及第二十一條條文修正草案,有關大學評鑑,4,34,606,0,0,0,0,0
961123,沈智慧,民法債編第七百五十一條條文修正草案,完備保證之相關權利義務,3,30,606,0,0,0,0,0
961130,沈智慧,漁業法部分條文修正草案,降低處罰,2,30,606,1,1,0,2,1
961130,沈智慧,工程受益費徵收條例增訂第十六條之一條文草案,看不懂,3,30,606,0,0,0,0,0
961207,沈智慧,民法增訂第八百二十四條之一條文草案,有關抵押權,4,34,606,0,0,0,0,0
961214,沈智慧,殯葬管理條例部分條文修正草案,設立保險機制,4,30,606,0,0,0,0,0
940923,王世勛,大學法部分條文修正草案,明訂校長權責；修正校長遴選方式,1,33,602,0,0,0,0,0
941118,王世勛,教師待遇條例草案,明訂教師敘薪級績效獎金之法源，並保障軍訓護理教師權益,7,31,602,1,1,0,2,1
941206,王世勛,師資培育法增訂第二十三條之一條文草案,將軍訓教官納入師資培育之對象，輔導其取得合格教師資格,5,41,602,1,1,0,2,1
941206,王世勛,教育人員任用條例部分條文修正草案,明確軍訓教官角色及定位,7,34,602,1,1,0,2,1
940311,盧秀燕,行政院組織法第三條條文修正草案,行政院應單獨成立退伍軍人事務部,7,39,601,1,1,0,2,1
940311,盧秀燕,國軍退伍軍人福利法草案,保障國軍退伍軍人應有之權利,6,48,601,1,1,0,2,1
940311,盧秀燕,八二三戰役參戰官兵晚年生活照顧特別條例草案,照顧823抗戰榮民晚年生活,8,39,601,1,1,0,2,1
940311,盧秀燕,所得稅法第十七條條文修正草案,將教育特別扣除額，提高至按實繳金額扣除之,12,46,601,1,1,0,2,1
940325,盧秀燕,學校教職員退休條例第三條條文修正草案,兵缺代理年資應納入退休年資採定,4,30,601,1,1,0,2,1
940325,盧秀燕,兩性工作平等法第十四條條文修正草案,女性受僱者生理假不應併入病假計算,4,32,601,0,0,0,0,0
940325,盧秀燕,敬老福利生活津貼暫行條例第三條及第十條條文修正草案,將老人津貼提升為一萬元,2,42,601,1,1,0,2,1
940325,盧秀燕,原住民敬老福利生活津貼暫行條例第三條及第十條條文修正草案,將原住民敬老津貼提升為一萬元,3,38,601,1,1,0,2,1
940325,盧秀燕,老年農民福利津貼暫行條例第四條條文修正草案,提高到一萬元,3,46,601,1,1,0,2,1
940325,盧秀燕,老年農民福利津貼暫行條例第四條條文修正草案,放寬請領資格之限制,4,32,601,1,1,0,2,1
940325,盧秀燕,退伍軍人福利法草案,竭力維護退伍軍人之福祉,11,35,601,1,1,0,2,1
940325,盧秀燕,公職人員選舉罷免法第二十條條文修正草案,推動不在籍投票,4,41,601,0,0,0,0,0
940401,盧秀燕,陸軍軍士教導總隊士官退伍補償條例草案,政府並未與其實質照顧，故立法保障其晚年生活,8,30,601,1,1,0,2,1
940401,盧秀燕,農民健康保險條例部分條文修正草案,以老農保險方式給付老農退休金,5,45,601,1,1,0,2,1
940401,盧秀燕,交通部郵電事業人員退休撫卹條例部分條文修正草案,中華電信民營化，為確保該公司員工之權益,6,31,601,1,1,0,2,1
940401,盧秀燕,所得稅法第十一條條文修正草案,保險人員申報時得扣除一定比例之業務必要費用,9,31,601,1,1,0,2,1
940401,盧秀燕,零售市場管理條例草案,有必要對零售市場予以妥善之規範,6,42,601,0,0,0,0,0
940401,盧秀燕,敬老福利生活津貼暫行條例第三條及第七條條文修正草案,將敬老津貼由三千提高到六千,10,35,601,1,1,0,2,1
940401,盧秀燕,替代役實施條例第七條條文修正草案,縮短警察役與消防役役期與常備兵役相同,6,46,601,0,1,0,1,0
940408,盧秀燕,教育基本法第二條、第五條及第十二條條文修正草案,設置教育發展基金，專款專用，避免教育經費屢遭挪用,2,33,601,0,0,0,0,0
940408,盧秀燕,內政部消防署組織條例第七條條文修正草案,因應災害防救法通過，消防屬急需延攬專業人才,9,36,601,0,0,0,0,0
949415,盧秀燕,中華民國前江浙閩粵反共救國軍官兵補發薪餉條例草案,補發這些反共救國官兵薪餉,5,30,601,1,1,0,2,1
940429,盧秀燕,中華民國敵後受難歸來國軍官兵處理及補償條例草案,保障敵後受難返台國軍官兵之權益,5,35,601,1,1,0,2,1
940506,盧秀燕,特殊境遇婦女家庭扶助條例第八條條文修正草案,將其子女教育補助範圍由工中延伸到大專院校,4,59,601,1,1,0,2,1
940506,盧秀燕,敬老福利生活津貼暫行條例部分條文修正草案,將老人津貼升至10000,4,33,601,1,1,0,2,1
940506,盧秀燕,敬老福利生活津貼暫行條例第三條條文修正草案,放寬請領資格之限制,5,52,601,1,1,0,2,1
940506,盧秀燕,勞工保險條例部分條文修正草案,殘廢給付改為失能年金，身心障礙者可提前退休,10,49,601,1,1,0,2,1
940513,盧秀燕,陸海空軍軍官士官任官條例第八條條文修正草案,有關軍官晉升問題之保障,5,38,601,1,1,0,2,1
940520,盧秀燕,所得稅法第十七條條文修正草案,特別教育扣除額應每名扣兩萬五,3,39,601,1,1,0,2,1
940520,盧秀燕,噪音管制法第十一條之一條文修正草案,對居民在噪音之危害所衍生之醫療成本，予以補償,7,33,601,1,0,1,2,1
940527,盧秀燕,國民教育法部分條文修正草案,全面實施國民教育向下延伸一年,7,43,601,1,1,0,2,1
940527,盧秀燕,高級中學法第六條條文修正草案,國家對於私人興學應加以鼓勵，提供家長及學生選擇的權利,4,40,601,0,0,0,0,0
940913,盧秀燕,不在籍投票法草案,如法案名稱,5,30,602,0,0,0,0,0
940913,盧秀燕,優生保健法部分條文修正草案,第七條之四有點分配的味道,3,42,602,1,1,0,2,1
940913,盧秀燕,兩性工作平等法第十五條條文修正草案,延長陪產假由兩天為一週,5,30,602,0,0,0,0,0
940930,盧秀燕,國軍老舊眷村改建條例第三條條文修正草案,將散居榮民納入眷改條例之範圍內,7,30,602,1,1,0,2,1
941021,盧秀燕,不動產估價師法第四十四條條文修正草案,兼顧現有上千位從業人員生存工作權益,2,33,602,1,0,0,1,0
941021,盧秀燕,勞工退休基金監理委員會設置條例草案,勞工退休基金之運作業務之相關規範,4,31,602,0,0,0,0,0
941021,盧秀燕,八二三戰役參戰榮民晚年生活照顧特別條例草案,照顧823抗戰榮民晚年生活,8,32,602,1,1,0,2,1
941118,盧秀燕,行動通信基地台設置條例草案,維護基地台居民身心健康，落實社區參與精神，設置基地台需半數居民同意,6,69,602,0,0,0,0,0
941206,盧秀燕,師資培育法增訂第二十三條之一條文草案,將軍訓教官納入師資培育之對象，輔導其取得合格教師資格,5,41,602,1,1,0,2,1
941206,盧秀燕,教育人員任用條例部分條文修正草案,明確軍訓教官角色及定位,7,34,602,1,1,0,2,1
941209,盧秀燕,幼稚教育法第十七條之一條文修正草案,各校除辦理兒童平安保險外，欲學童需要申請理賠時，應主動協助辦理,3,45,602,0,0,0,0,0
941209,盧秀燕,國民教育法第五條之一條文修正草案,各校除辦理兒童平安保險外，欲學童需要申請理賠時，應主動協助辦理,3,37,602,0,0,0,0,0
941230,盧秀燕,所得稅法第十七條條文修正草案,子女的學校住宿費可列舉扣除,2,37,602,1,1,0,2,1
941230,盧秀燕,都市計畫法第十九條及第二十一條條文草案,都市計畫擬定後，縣市政府應辦理公聽會，而非以送達為途徑,3,79,602,0,0,0,0,0
950111,盧秀燕,敬老福利生活津貼暫行條例第三條及第十四條條文修正草案,提高為四千,4,30,602,1,1,0,2,1
950310,盧秀燕,所得稅法第十七條條文修正草案,增列學前教育扣除額,8,33,603,1,1,0,2,1
950310,盧秀燕,勞動基準法第三條條文修正草案,約聘僱人員及臨時工也要列入勞基法的適用,7,35,603,1,1,0,2,1
950324,盧秀燕,教育部組織法部分條文修正草案,設置幼兒教育司專責主管,5,36,603,0,0,0,0,0
950331,盧秀燕,國防部軍備局組織條例第五條條文修正草案,明訂中山科學研究院組織定位,9,37,603,0,0,0,0,0
950331,盧秀燕,國防部參謀本部組織條例第三條、第六條及第七條條文修正草案,配合國防法修正,9,38,603,0,0,0,0,0
950428,盧秀燕,中華民國刑法第三百零六條條文修正草案,提高侵入住宅案件之刑期，以遏止此類犯罪,4,45,603,0,0,0,0,0
950512,盧秀燕,所得稅法第十一條條文修正草案,將保險業務員佣金列為執行業務所得(利於業務員),6,37,603,1,1,0,2,1
950519,盧秀燕,臺灣地區與大陸地區人民關係條例第二十二條條文修正草案,承認大陸學歷,3,63,603,0,0,0,0,0
950519,盧秀燕,臺灣地區與大陸地區人民關係條例第九條條文修正草案,為涉及國家機密之公務員與警察可赴大陸地區觀光,3,33,603,0,0,0,0,0
950915,盧秀燕,公路法第二十四條條文修正草案,對於通行費徵收期限法無明文，致使政府在收支平衡情況下仍然繼續向用路人徵收,4,45,603,0,0,0,0,0
950919,盧秀燕,菸酒管理法第三十三條條文修正草案,啤酒類引品應標示熱量,3,39,604,0,0,0,0,0
950919,盧秀燕,所得稅法第十七條條文修正草案,教育扣除額應納入由親屬代為扶養之失親學童,7,42,604,1,1,0,2,1
950929,盧秀燕,行政執行法第十七條條文修正草案,明訂公法上金錢給付之義務構成限制要件之金額,3,32,604,0,0,0,0,0
950929,盧秀燕,大學法第二十六條條文修正草案,延長身心障礙者修業年限，讓他們完成學業,7,40,604,0,0,0,0,0
951013,盧秀燕,冤獄賠償法部分條文修正草案,依據審判法被羈押，縱有受冤卻無從獲陪，於理不合,2,32,604,1,1,0,2,1
951013,盧秀燕,所得稅法第十一條條文修正草案,保險、證券、不動產從業者之必要支出增列為扣除額,1,32,604,1,1,0,2,1
951013,盧秀燕,青年教育津貼條例草案,給中下階層之學生有減免學費之優惠,7,30,604,1,1,0,2,1
951013,盧秀燕,國有財產法第五十三條條文修正草案,100平以上非公用國有土地增加須經立院同意，避免賤賣國產,3,51,604,0,0,0,0,0
951020,盧秀燕,身心障礙者保護法第六十五條之一條文修正草案,增刑罰，規範業者落實保障身障者精神,4,49,604,0,0,0,0,0
951020,盧秀燕,所得稅法第一百零八條及第一百零八條之一條文修正草案,對於滯報金無合理最高額限制，違反比例原則,5,30,604,1,0,0,1,0
951020,盧秀燕,警察人員管理條例第二十二條條文修正草案,提高基層員警之奉給，激勵員警士氣,10,30,604,1,1,0,2,1
951020,盧秀燕,立法院職權行使法刪除第四十二條條文草案,總統之彈劾不限於內亂外患,3,34,604,0,0,0,0,0
951020,盧秀燕,國軍退除役官兵輔導條例第二十九條條文修正草案,退除役官兵之遺眷若貧苦無依，應比照退除役官兵享有就養照顧,5,32,604,1,1,0,2,1
951020,盧秀燕,兒童及少年性交易防制條例第二十八條條文修正草案,保護兒童與青少年免於被性剝削,2,47,604,0,0,0,0,0
951020,盧秀燕,道路交通管理處罰條例第五十六條條文修正草案,將長期佔用及欠繳停車費之車輛移至適當處所,3,54,604,0,0,0,0,0
951020,盧秀燕,國民教育法增訂第七條之一條文草案,學校提供技藝課程選習供國三學生自由參加,6,41,604,0,0,0,0,0
951027,盧秀燕,兒童及少年性交易防制條例第九條及第三十六條條文修正草案,增加網際網路供應者及電信系統業者的通報義務,2,33,604,0,0,0,0,0
951027,盧秀燕,兵役法第十七條條文修正草案,將補充兵之軍事訓練廢除,3,30,604,0,0,0,0,0
951027,盧秀燕,公共場所哺育母乳條例草案,保障婦女能在公共空間哺乳,5,35,604,0,0,0,0,0
951103,盧秀燕,敬老福利生活津貼暫行條例第三條條文修正草案,請領資格之限制不符合公平正義,9,43,604,1,1,0,2,1
951110,盧秀燕,臺灣地區與大陸地區人民關係條例第十七條條文修正草案,非本國籍配偶欲取得身分證，不應有差別待遇,8,42,604,0,0,0,0,0
951110,盧秀燕,電信法第七條條文修正草案,警察機關基於調查犯罪，需向電信事業查詢通訊記錄，應比照法官費用減免之規定，電信業者本項支出可扣稅,4,45,604,1,1,0,2,1
951117,盧秀燕,私立學校法修正草案,強化私校團體的自主性及自律性,4,30,604,0,0,0,0,0
951124,盧秀燕,國軍老舊眷村改建條例第二十三條條文修正草案,照顧眷村的違佔戶？？？,5,40,604,1,1,0,2,1
951201,盧秀燕,所得稅法第五條之一及第十七條條文修正草案,教育特別扣除額依就讀人數計算,7,53,604,1,1,0,2,1
951212,盧秀燕,私立學校法部分條文修正草案,促使私立學校自我監督，並自負法律責任,3,33,604,0,0,0,0,0
951212,盧秀燕,臺灣地區與大陸地區人民關係條例第三十五條條文修正草案,放寬企業赴大陸投資金額或比例上限,9,83,604,1,0,0,1,0
951215,盧秀燕,特殊境遇婦女家庭扶助條例名稱及部分條文修正草案,保障受家暴的男人,6,33,604,1,1,0,2,1
951222,盧秀燕,勞工保險條例第十二條條文修正草案,使公營事業移轉民營後，員工之公保年資得以併計,9,35,604,1,1,0,2,1
951222,盧秀燕,老年農民福利津貼暫行條例第四條條文修正草案,放寬領取資格之限制,6,30,604,1,1,0,2,1
951229,盧秀燕,鄉鎮市調解條例第三十四條條文修正草案,調解業務應由中央統一編列預算支應,2,33,604,1,0,1,2,1
960112,盧秀燕,有線廣播電視法部分條文修正草案,相關業務已移轉至NCC，故刪除有關有線電視審議委員會之規定,4,30,604,0,0,0,0,0
960112,盧秀燕,中央行政機關及直轄市政府機關首長特別費支給條例草案,明確編定特別費支用相關細節，根絕中央政府機關濫編特別費之惡例,3,35,604,0,0,0,0,0
960118,盧秀燕,兒童及少年福利法第十九條條文修正草案,增列遭遇困境之單親家庭子女，為受地方政府福利服務的對象之一，並優先享有公立托兒所之托育服務,9,33,604,1,1,0,2,1
960118,盧秀燕,公職人員選舉罷免法第十五條及第二十條條文修正草案,保障我國駐外人員之選舉權,8,58,604,0,0,0,0,0
960118,盧秀燕,總統副總統選舉罷免法第十二條條文修正草案,保障我國駐外人員之選舉權,8,55,604,0,0,0,0,0
960302,盧秀燕,所得稅法第十七條條文修正草案,增加單親家庭納稅免稅額,5,42,605,1,1,0,2,1
960309,盧秀燕,所得稅法第十七條條文修正草案,增列教育學費特別扣除範圍,7,43,605,1,1,0,2,1
960316,盧秀燕,國軍軍事勤務致人民傷亡損害補償條例第十一條條文修正草案,延長請求權申請之時限,3,43,605,1,1,0,2,1
960316,盧秀燕,船員法第五十一條條文修正草案,刪除對船員的年齡限制,4,32,605,0,0,0,0,0
960316,盧秀燕,引水法第十三條條文修正草案,刪除對引水人的年齡限制,4,35,605,0,0,0,0,0
960316,盧秀燕,敬老福利生活津貼暫行條例第三條條文修正草案,放寬津貼請領之限制,3,30,605,1,1,0,2,1
960316,盧秀燕,兒童及少年福利法部分條文修正草案,將早期療育界定為三歲內，且經費補助以弱勢家庭為優先,5,34,605,1,1,0,2,1
960316,盧秀燕,國軍老舊眷村改建條例第二十一條之一及第二十二條條文修正草案,將眷戶同意門檻修正為二分之一,2,30,605,0,0,0,0,0
960316,盧秀燕,遺產及贈與稅法,廢止遺產及贈與稅法,8,41,605,1,1,0,2,1
960323,盧秀燕,敬老福利生活津貼暫行條例第三條條文修正草案,放寬津貼請領之限制,4,47,605,1,1,0,2,1
960323,盧秀燕,地方制度法第四條及第七條條文修正草案,台中市升格直轄市,1,34,605,1,0,1,2,1
960330,盧秀燕,記帳士法第二條條文修正草案,領有記帳及報稅代理業務人證明書者，得換領記帳士證書,20,98,605,0,0,0,0,0
960410,盧秀燕,警察人員管理條例第二十二條條文修正草案,提高基層員警之年功俸,11,33,605,1,1,0,2,1
960410,盧秀燕,敬老福利生活津貼暫行條例第三條條文修正草案,調高津貼之金額5000,19,40,605,1,1,0,2,1
960413,盧秀燕,促進產業升級條例第一條條文修正草案,增加運動產業之適用,8,36,605,1,1,0,2,1
960413,盧秀燕,教育經費編列與管理法第二條、第三條及第十三條條文修正草案,落實教育經費專款專用，提升教育經費使用績效,4,41,605,0,0,0,0,0
960420,盧秀燕,敬老福利生活津貼暫行條例第三條條文修正草案,提高金額4000,5,31,605,1,1,0,2,1
960427,盧秀燕,加值型及非加值型營業稅法增訂第十五條之一條文草案,避免重複課稅,10,68,605,1,1,0,2,1
960511,盧秀燕,行政院海岸巡防署海岸巡防總局各地區巡防局組織通則部分條文修正草案,跟分配沒關就對了,4,34,605,0,0,0,0,0
960511,盧秀燕,行政院海岸巡防署海岸巡防總局組織條例部分條文修正草案,跟分配沒關就對了,4,35,605,0,0,0,0,0
960511,盧秀燕,行政院海岸巡防署組織法刪除第二十二條條文草案,跟分配沒關就對了,4,34,605,0,0,0,0,0
960511,盧秀燕,職業學校法第四條條文修正草案,主管教育機關之修正,4,33,605,0,0,0,0,0
960511,盧秀燕,勞工保險條例第九條之一條文修正草案,增列年資未滿十五年而不想續保者，可領回其保費,3,41,605,1,1,0,2,1
960518,盧秀燕,刑事訴訟法部分條文修正草案,保障潛藏被告知名譽及隱私,12,65,605,0,0,0,0,0
960525,盧秀燕,高級中學法第二十一條條文修正草案,增列遷調借聘之規定,3,36,605,0,0,0,0,0
960525,盧秀燕,職業學校法第十一條條文修正草案,增列遷調借聘之規定,3,34,605,0,0,0,0,0
960525,盧秀燕,教育經費編列與管理法第三條條文修正草案,各級政府應以GNP作為編列依據,5,37,605,0,0,0,0,0
960601,盧秀燕,敬老福利生活津貼暫行條例第八條條文修正草案,請領日期得追溯至本法施行日,6,29,605,1,1,0,2,1
960601,盧秀燕,敬老福利生活津貼暫行條例第三條條文修正草案,放寬津貼請領之範圍,4,34,605,1,1,0,2,1
960601,盧秀燕,所得稅法第十一條條文修正草案,使藝術家在報稅時能有所依據,3,36,605,0,0,0,0,0
960601,盧秀燕,國軍老舊眷村改建條例第二十四條條文修正草案,放寬時間限制，以利眷戶進行產權交換,4,36,605,0,0,0,0,0
960601,盧秀燕,國軍老舊眷村改建條例部分條文修正草案,俊改經費之來源？？？？,3,34,605,1,1,0,2,1
960601,盧秀燕,公職人員選舉罷免法第六十五條條文修正草案,婦女保障民額,2,34,605,0,0,0,0,0
960601,盧秀燕,遺產及贈與稅法第十三條條文修正草案,降低遺產稅稅率,3,32,605,1,1,0,2,1
960601,盧秀燕,刑事訴訟法第一百二十四條及第二百四十五條條文修正草案,有關檢調搜索之事項,12,65,605,0,0,0,0,0
960615,盧秀燕,公務人員俸給法第四條條文修正草案,調整七職等、八職等公務員之薪俸,6,30,605,1,1,0,2,1
960615,盧秀燕,醫師法第十二條、第十二條之一及第二十八條之四條文修正草案,保障病人人權及自我資訊之自主權利,11,52,605,0,0,0,0,0
960615,盧秀燕,資深村(里)、鄰長退職獎勵撫卹條例草案,有夠分配的分配阿,12,42,605,1,1,0,2,1
961005,盧秀燕,敬老福利生活津貼暫行條例第三條條文修正草案,擴大津貼請領之範圍,10,36,606,1,1,0,2,1
961005,盧秀燕,全民健康保險法第十九條及第二十一條條文修正草案,有關勞工的保費，是在剝削弱勢,19,46,606,1,1,0,2,1
961026,盧秀燕,殯葬管理條例第七十一條條文修正草案,醫院設殯奠設施之管理規定,5,39,606,1,0,0,1,0
961026,盧秀燕,民法繼承編部分條文修正草案,繼承咩,5,33,606,0,0,0,0,0
961102,盧秀燕,所得稅法第十七條條文修正草案,提高單親家庭之免稅額度,5,32,606,1,1,0,2,1
961102,盧秀燕,民法繼承編第一千一百四十八條及第一千一百七十四條條文修正草案,有關拋棄繼承之規定,5,34,606,0,0,0,0,0
961107,盧秀燕,財政收支劃分法修正草案,提高地方自有財源,2,51,606,1,0,1,2,1
961107,盧秀燕,社會救助法部分條文修正草案,降低低收入戶門檻等,14,30,606,1,1,0,2,1
961123,盧秀燕,民法債編第七百五十一條條文修正草案,完備保證之相關權利義務,3,30,606,0,0,0,0,0
961123,盧秀燕,臺灣地區與大陸地區人民關係條例第九條條文修正草案,,11,32,606,0,0,0,0,0
961214,盧秀燕,兒童教育與照顧法草案,解決幼托體系分留所衍生的問題,9,34,606,0,0,0,0,0
940325,蔡錦隆,銀行法第四十七條之一條文修正草案,將現金卡的發行納入銀行法的規範,4,53,601,0,0,0,0,0
940401,蔡錦隆,停車場法第二十三條條文修正草案,汽車運輸業與相關行業應自備停車場，與計程車客運業經營之現況不符，故計程車排除適用,3,32,601,0,1,0,1,0
940401,蔡錦隆,民法第一千一百四十五條條文修正草案,惡意不扶養喪失繼承要件,4,37,601,0,0,0,0,0
940401,蔡錦隆,光碟管理條例增訂第九條之一條文草案,允許廠商於一定條件下得製造專供輸出之預錄式光碟,3,30,601,0,0,0,0,0
940408,蔡錦隆,公教人員退休金特別條例草案,保障合法退休權益，配合政府再造，完善公教人員退休金預算編列,7,30,601,1,1,0,2,1
940408,蔡錦隆,敬老福利生活津貼暫行條例第十條條文修正草案,基於信賴保護原則，發錯津貼不能追回,4,43,601,1,1,0,2,1
940408,蔡錦隆,內政部消防署組織條例第七條條文修正草案,因應災害防救法通過，消防屬急需延攬專業人才,9,36,601,0,0,0,0,0
940408,蔡錦隆,勞工保險條例第十七條條文修正草案,調降勞保費滯納金上限與健保費相同,8,40,601,1,1,0,2,1
940415,蔡錦隆,能源管理法第十條條文修正草案,避免汽電共生系統造成圖利特定財團,2,30,601,0,0,0,0,0
940422,蔡錦隆,民法第二百零五條條文修正草案,民間金融消費利率大幅下降，但民法最高利率限制的規定尚未加以反應,7,37,601,0,0,0,0,0
940429,蔡錦隆,中央行政機關組織基準法第二條條文修正草案,將警察機關組織建制比照國防及檢察組織,2,31,601,0,0,0,0,0
940429,蔡錦隆,銀行法增訂第二條之一、第三條之一及第一百二十七條之五條文草案,改善信用卡浮濫發行之問題,2,32,601,0,0,0,0,0
940429,蔡錦隆,勞動派遣法草案,顧及派遣勞工生存權及勞動條件之保護,2,63,601,1,0,0,1,0
940513,蔡錦隆,菸害防制法修正草案,強化煙品管制措施，限制煙品廣告,1,39,601,0,0,0,0,0
940520,蔡錦隆,勞動基準法第二十一條條文修正草案,基本保障工資與外籍勞工薪資標準，造成產業外移,2,31,601,0,0,0,0,0
940913,蔡錦隆,電信法第三十八條條文修正草案,避免少數壟斷，圖利特定人,1,41,602,0,0,0,0,0
941014,蔡錦隆,所得稅法第四條條文修正草案,保全及樓管業者之收入，免徵所得稅,1,31,602,1,1,0,2,1
941014,蔡錦隆,能源管理法第十條條文修正草案,避免汽電共生系統造成圖利特定財團,2,33,602,0,0,0,0,0
941021,蔡錦隆,兒童及少年性交易防制條例第二十九條條文修正草案,增列刊登促使兒童及少年為性行為之訊息者加以處罰,2,34,602,0,0,0,0,0
941216,蔡錦隆,國營事業管理法第三條條文修正草案,重新定義國營事業之實益,3,31,602,0,0,0,0,0
950407,蔡錦隆,家事服務法草案,保障監護工與幫傭之權利與尊嚴，將其勞動法制化,7,43,603,0,0,0,0,0
950414,蔡錦隆,建築師法第二十八條、第二十九條及第三十條條文修正草案,配合凍省修正職業工會組織,6,54,603,0,0,0,0,0
950428,蔡錦隆,行政區劃法草案,看無,4,36,603,0,0,0,0,0
950428,蔡錦隆,民法第一千零五十九條條文修正草案,姓名權為人格權之一種，如何命名為個人之自由,3,42,603,0,0,0,0,0
950428,蔡錦隆,民法親屬編施行法第八條條文修正草案,本條違反法律明確性原則,2,31,603,0,0,0,0,0
950512,蔡錦隆,公寓大廈管理條例第五十七條條文修正草案,刪掉現場二字，否則將造成全部公寓大廈均為不合法建物,1,34,603,0,0,0,0,0
950512,蔡錦隆,動產擔保交易法第二十一條條文修正草案,原條文次序修改卻未修正，此為立法怠惰,1,32,603,0,0,0,0,0
950512,蔡錦隆,貨物稅條例第三條條文修正草案,新增FVD產品免徵貨物稅,1,42,603,1,1,0,2,1
950519,蔡錦隆,農會法第二十五條條文修正草案,農會總幹事甲等或有進步者可以續聘,9,33,603,0,0,0,0,0
950519,蔡錦隆,建築師法第六條、第三十五條及第三十七條條文修正草案,配合凍省修正職業工會組織,3,39,603,0,0,0,0,0
951103,蔡錦隆,公職人員財產申報法部分條文修正草案,為切實發揮財產申報制度預防貪瀆腐化之功能,1,34,604,0,0,0,0,0
951103,蔡錦隆,遊說法草案,建立合理規範、公開透明的遊說活動,1,41,604,0,0,0,0,0
951103,蔡錦隆,政治獻金法部分條文修正草案,禁止政治人物平日接受獻金,1,37,604,0,0,0,0,0
951103,蔡錦隆,貪污治罪條例部分條文修正草案,建立有效預防貪瀆之制度,2,34,604,0,0,0,0,0
951222,蔡錦隆,勞工保險條例第十二條條文修正草案,使公營事業移轉民營後，員工之公保年資得以併計,9,35,604,1,1,0,2,1
960410,蔡錦隆,警察人員管理條例第二十二條條文修正草案,提高基層員警之年功俸,11,33,605,1,1,0,2,1
960410,蔡錦隆,敬老福利生活津貼暫行條例第三條條文修正草案,調高津貼之金額,19,40,605,1,1,0,2,1
960410,蔡錦隆,勞工保險條例部分條文修正草案,由一次給付改為按月領取,18,47,605,1,1,0,2,1
960504,蔡錦隆,老年農民福利津貼暫行條例第四條條文修正草案,提高金額,10,55,605,1,1,0,2,1
960518,蔡錦隆,刑事訴訟法部分條文修正草案,保障潛藏被告知名譽及隱私,12,65,605,0,0,0,0,0
960525,蔡錦隆,工友管理條例草案,保障工友之工作權益,4,33,605,0,0,0,0,0
960601,蔡錦隆,地方制度法第四條條文修正草案,重新檢討直轄市升格設置標準,1,30,605,1,0,1,2,1
960601,蔡錦隆,刑事訴訟法第一百二十四條及第二百四十五條條文修正草案,有關檢調搜索之事項,12,65,605,0,0,0,0,0
961005,蔡錦隆,全民健康保險法第十九條及第二十一條條文修正草案,有關勞工的保費，是在剝削弱勢,19,46,606,1,1,0,2,1
961012,蔡錦隆,敬老福利生活津貼暫行條例第三條條文修正草案,,10,36,606,1,1,0,2,1
961123,蔡錦隆,臺灣地區與大陸地區人民關係條例第九條條文修正草案,,11,32,606,0,0,0,0,0
961130,蔡錦隆,工程受益費徵收條例增訂第十六條之一條文草案,看不懂,3,30,606,0,0,0,0,0
960316,謝明源,公路法第七十二條條文修正草案,落實施工單位修路之法律義務,4,57,605,0,0,0,0,0
960601,謝明源,地方制度法第四條條文修正草案,台中市升格直轄市,1,42,605,1,0,1,2,1
960601,謝明源,環境影響評估法第三條條文修正草案,使環評機制權責相等,2,30,605,0,0,0,0,0
960921,謝明源,道路交通管理處罰條例部分條文修正草案,帶有酒氣駕車即處以罰鍰,3,33,606,0,0,0,0,0
960921,謝明源,道路交通管理處罰條例增訂第七條之三條文草案,送達處所之改革,3,36,606,0,0,0,0,0
960921,謝明源,道路交通管理處罰條例第八條及第八十九條條文修正草案,交通處罰由公路主管機關統一辦理,3,38,606,0,0,0,0,0
960921,謝明源,動物保護法部分條文修正草案,明訂寵物養殖、買賣、寄養業者更換執照年限,4,40,606,0,0,0,0,0
960921,謝明源,菸酒管理法第三十三條條文修正草案,因標示酒後開車、害人害己標誌,3,37,606,0,0,0,0,0
940325,黃義交,菸害防制法修正草案,法令不合時宜,9,52,601,0,0,0,0,0
940401,黃義交,警察人員管理條例第三十條條文修正草案,維護警員權益，使之有與公務員平等之福利,5,32,601,0,0,0,0,0
940401,黃義交,所得稅法第十一條條文修正草案,保險人員申報時得扣除一定比例之業務必要費用,9,31,601,1,1,0,2,1
940401,黃義交,民法第一千一百四十五條條文修正草案,惡意不扶養喪失繼承要件,4,37,601,0,0,0,0,0
941007,黃義交,臺灣地區與大陸地區人民關係條例第三十八條條文修正草案,儘速成立兩岸貨幣清算機制，避免人民幣黑市問題惡化,13,110,602,0,0,0,0,0
941104,黃義交,脊醫師法草案,國內欠缺脊骨神經醫學專業之明確規範,8,92,602,0,0,0,0,0
951117,黃義交,預算法部分條文修正草,將益本比列為各機關歲出概算優先順序之排列,6,56,604,0,0,0,0,0
960112,黃義交,公職人員財產申報法部分條文修正草案,規範公職人員財產來源不明之處罰，以改正政治風氣,4,33,604,0,0,0,0,0
961012,黃義交,民法部分條文修正草案,避免父債子還的弊病,10,40,606,0,0,0,0,0
961026,黃義交,土木建設法草案,增建土木工程建設之許可制度、促進公共安全,8,41,606,0,0,0,0,0
941111,劉銓忠,農會法第二十五條之三條文修正草案,健全對農會總幹事保全、保險之規定,4,79,602,0,0,0,0,0
950421,劉銓忠,加值型及非加值型營業稅法第八條條文修正草案,使部分農產品批發市場符合免徵營業稅條件,6,43,603,1,1,0,2,1
950519,劉銓忠,畜牧法第二十九條條文修正草案,政府向屠宰場徵收衛生檢查費，實有不公。因為保障民眾食品安全本是政府職責所在,5,31,603,1,1,0,2,1
950519,劉銓忠,農會法第二十五條條文修正草案,現行法規對於農會總幹事續聘之規定過於嚴苛,9,33,603,0,0,0,0,0
960410,劉銓忠,農田水利會組織通則部分條文修正草案,明確規範會長之選舉事務,6,38,605,0,0,0,0,0
960504,劉銓忠,老年農民福利津貼暫行條例第四條條文修正草案,提高金額,10,55,605,1,1,0,2,1
940527,吳富貴,全民健康保險法部分條文修正草案,應將受刑人全面納入全民健康保險,9,50,601,1,1,0,2,1
941104,吳富貴,所得稅法第十七條及第一百二十六條條文修正草案,給付離婚贍養費列為特別扣除額，拿贍養費者要申報所得,1,31,602,1,1,0,2,1
940408,徐中雄,入出國及移民法修正草案,保障外國人及歸化者人權,7,53,601,0,0,0,0,0
940506,徐中雄,勞工保險條例部分條文修正草案,殘廢給付改為失能年金，身心障礙者可提前退休,10,49,601,1,1,0,2,1
941118,徐中雄,行動通信基地台設置條例草案,維護基地台居民身心健康，落實社區參與精神，設置基地台需半數居民同意,6,69,602,0,0,0,0,0
941216,徐中雄,公益勸募法草案,有效管理、運用社會資源，保障公益捐款者利益,4,62,602,0,0,0,0,0
950310,徐中雄,中華民國刑法第一百八十五條之三條文修正草案,加重酒駕累犯達三次者之刑責,6,44,603,0,0,0,0,0
950407,徐中雄,刑事訴訟法第三十一條及第三十五條條文修正草案,保障智能障礙者在刑事訴訟過程中之權益,3,39,603,0,0,0,0,0
950407,徐中雄,民用航空法第二條及第一百十九條之一條文修正草案,燃油載重量的限制不符時代所需。另超親載具罰緩金額過高,4,51,603,1,1,0,2,1
950407,徐中雄,家事服務法草案,保障監護工與幫傭之權利與尊嚴，將其勞動法制化,7,43,603,0,0,0,0,0
950512,徐中雄,消費者債務清理條例草案,積極保障卡奴權益，因為卡爆族無法適用破產法提出更生,8,45,603,0,0,0,0,0
950512,徐中雄,老人福利法修正草案,維護老人尊嚴、保障老人權益,17,60,603,1,1,0,2,1
950519,徐中雄,司法人員人事條例部分條文修正草案,使申請破產及更生事件能更有效率處理,6,43,603,0,0,0,0,0
950519,徐中雄,法院組織法部分條文修正草案,使申請破產及更生事件能更有效率處理,6,41,603,0,0,0,0,0
951103,徐中雄,妨害國幣懲治條例第三條條文修正草案,將絕對死刑改為相對死刑,2,51,604,0,0,0,0,0
951110,徐中雄,道路交通管理處罰條例第九條之一條文修正草案,44條違反法律保留原則，應當明文規定,3,39,604,0,0,0,0,0
951124,徐中雄,陸海空軍刑法第二十七條及第六十六條條文修正草案,將死刑改為無期徒刑,2,55,604,0,0,0,0,0
960608,徐中雄,特殊教育法修正草案,提高特殊教育預算等改革,12,42,605,1,1,0,2,1
960608,徐中雄,精神衛生法修正草案,充實社會心理治療及支持系統,6,66,605,0,0,0,0,0
960911,徐中雄,消防法部分條文修正草案,安裝熱水器人員應列冊以利縣市政府管理,3,30,606,0,0,0,0,0
961012,徐中雄,民法部分條文修正草案,避免父債子還的弊病,10,40,606,0,0,0,0,0
961107,徐中雄,社會救助法部分條文修正草案,降低低收入戶門檻等,14,30,606,1,1,0,2,1
940311,楊瓊瓔,行政院組織法第三條條文修正草案,行政院應單獨成立退伍軍人事務部,7,39,601,1,1,0,2,1
940311,楊瓊瓔,國軍退伍軍人福利法草案,保障國軍退伍軍人應有之權利,6,48,601,1,1,0,2,1
940311,楊瓊瓔,八二三戰役參戰官兵晚年生活照顧特別條例草案,照顧823抗戰榮民晚年生活,8,39,601,1,1,0,2,1
940311,楊瓊瓔,所得稅法第十七條條文修正草案,將教育特別扣除額，提高至按實繳金額扣除之,12,46,601,1,1,0,2,1
940311,楊瓊瓔,監獄組織通則增訂第二十一條之一條文草案,防止連續性暴力犯罪者出獄危害社會,8,35,601,0,0,0,0,0
940311,楊瓊瓔,監獄行刑法部分條文修正草案,防止連續性暴力犯罪者出獄危害社會,8,36,601,0,0,0,0,0
940311,楊瓊瓔,地方民意代表費用支給及村里長事務補助費補助條例第七條條文修正草案,增列村里長費用補助項目,3,41,601,1,1,0,2,1
940318,楊瓊瓔,行政院組織法第三條條文修正草案,落實軍人照顧，將退輔會改制為退伍軍人事務部,9,35,601,1,1,0,2,1
940325,楊瓊瓔,退伍軍人福利法草案,竭力維護退伍軍人之福祉,11,35,601,1,1,0,2,1
940325,楊瓊瓔,民用航空法第三十七條條文修正草案,確保航空噪音費之補助真正落實改善當地居民生活品質,10,36,601,1,0,0,1,0
940325,楊瓊瓔,所得稅法第十七條條文修正草案,學費之特別扣除額應以每人所繳之學雜費為限,13,36,601,1,1,0,2,1
940401,楊瓊瓔,離島建設條例第十八條條文修正草案,比照台灣出入境手續，取消離島需出入證照規範,3,31,601,0,0,0,0,0
940401,楊瓊瓔,陸軍軍士教導總隊士官退伍補償條例草案,政府並未與其實質照顧，故立法保障其晚年生活,8,30,601,1,1,0,2,1
940401,楊瓊瓔,行政院金融重建基金設置及管理條例部分條文修正草案,上屆有共識，但未完成立法程序,17,147,601,0,0,0,0,0
940401,楊瓊瓔,交通部郵電事業人員退休撫卹條例部分條文修正草案,中華電信民營化，為確保該公司員工之權益,6,31,601,1,1,0,2,1
940401,楊瓊瓔,工廠管理輔導法部分條文修正草案,透過法規合理鬆綁，促使現在未登記之工廠納入本法管理,4,35,601,1,0,0,1,0
940401,楊瓊瓔,行政院衛生署組織法第十七條條文修正草案,提昇我國中醫藥行政管理體系之層級,4,37,601,0,0,0,0,0
940401,楊瓊瓔,所得稅法第十一條條文修正草案,保險人員申報時得扣除一定比例之業務必要費用,9,31,601,1,1,0,2,1
940401,楊瓊瓔,零售市場管理條例草案,有必要對零售市場予以妥善之規範,6,42,601,0,0,0,0,0
940401,楊瓊瓔,敬老福利生活津貼暫行條例第三條及第七條條文修正草案,將敬老津貼由三千提高到六千,10,35,601,1,1,0,2,1
940401,楊瓊瓔,替代役實施條例第七條條文修正草案,縮短警察役與消防役役期與常備兵役相同,6,46,601,0,1,0,1,0
940408,楊瓊瓔,公教人員退休金特別條例草案,保障合法退休權益，配合政府再造，完善公教人員退休金預算編列,7,30,601,1,1,0,2,1
940408,楊瓊瓔,聽語師法草案,健全聽語師之輔導管理與培訓,5,46,601,0,0,0,0,0
940408,楊瓊瓔,勞工保險條例第十七條條文修正草案,調降勞保費滯納金上限與健保費相同,8,40,601,1,1,0,2,1
940415,楊瓊瓔,私有既成道路徵收補償處理條例草案,要求政府儘速全面負擔私有既成道路徵收補償經費,4,30,601,1,0,1,2,1
940422,楊瓊瓔,農業發展條例第十八條條文修正草案,將興建農舍之所有面積限制放寬至0.1公頃，活絡農村發展,6,31,601,0,0,0,0,0
940422,楊瓊瓔,農會法第十八條條文修正草案,農保資格審定機關應為農會，而非現行之勞保局,4,31,601,0,0,0,0,0
940429,楊瓊瓔,銀行法增訂第二條之一、第三條之一及第一百二十七條之五條文草案,改善信用卡浮濫發行之問題,2,32,601,0,0,0,0,0
940429,楊瓊瓔,公營事業移轉民營條例第五條及第八條條文修正草案,保障移轉民營之公營事業員工之權利,5,32,601,1,1,0,2,1
940429,楊瓊瓔,陸海空軍軍官士官服役條例部分條文修正草案,彌補六十九年以前軍事關年資無法併計領取退休俸之不公平待遇,3,32,601,1,1,0,2,1
940429,楊瓊瓔,軍人福利條例草案,保障軍人福利，安定其家庭與生活,6,32,601,1,1,0,2,1
940429,楊瓊瓔,國軍老舊眷村改建條例第二十八條條文修正草案,匡正新舊制間差異不公平的現象,5,33,601,1,1,0,2,1
940506,楊瓊瓔,特殊境遇婦女家庭扶助條例第八條條文修正草案,將其子女教育補助範圍由工中延伸到大專院校,4,59,601,1,1,0,2,1
940506,楊瓊瓔,視力保健法草案,整合國家視力保健資源、降低近視盛行率,4,37,601,0,0,0,0,0
940520,楊瓊瓔,行政院衛生署中醫藥委員會組織條例部分條文修正草案,於中醫藥委員會中增設傳統醫療組,4,51,601,0,0,0,0,0
940527,楊瓊瓔,八二三戰役參戰榮民晚年生活照顧特別條例草案,保障八二三戰役參戰榮民晚年生活,6,31,601,1,1,0,2,1
940913,楊瓊瓔,勞工保險條例第十二條及第三十條條文修正草案,現行條例未能使勞工獲得充分保障,5,44,602,1,1,0,2,1
940913,楊瓊瓔,漁業法增訂第五十四條之一條文草案,解決漁民雇用、管理與岸置大陸漁工的問題,5,37,602,0,0,0,0,0
940923,楊瓊瓔,藥師法部分條文修正草案,就是藥師法嚕,3,33,602,0,0,0,0,0
940930,楊瓊瓔,國軍老舊眷村改建條例第三條條文修正草案,將散居榮民納入眷改條例之範圍內,7,30,602,1,1,0,2,1
941021,楊瓊瓔,高級中學法第二十條條文修正草案,增訂得由軍訓教官兼任生輔組組長,3,32,602,1,1,0,2,1
941021,楊瓊瓔,八二三戰役參戰榮民晚年生活照顧特別條例草案,照顧823抗戰榮民晚年生活,8,32,602,1,1,0,2,1
941028,楊瓊瓔,灣地區與大陸地區人民關係條例第六十六條條文修正草案,大陸地區人民繼承台灣遺產表示期間過長，影響同為繼承人之台灣地區人民權益,3,41,602,1,0,0,1,0
941104,楊瓊瓔,高級中學法第二十條條文修正草案,得由軍訓教官兼任學生事物處生輔組長,2,35,602,1,1,0,2,1
941206,楊瓊瓔,師資培育法增訂第二十三條之一條文草案,將軍訓教官納入師資培育之對象，輔導其取得合格教師資格,5,41,602,1,1,0,2,1
941206,楊瓊瓔,教育人員任用條例部分條文修正草案,明確軍訓教官角色及定位,7,34,602,1,1,0,2,1
941216,楊瓊瓔,公益勸募法草案,有效管理、運用社會資源，保障公益捐款者利益,4,62,602,0,0,0,0,0
941223,楊瓊瓔,鐵路法增訂第三十四條之一、第六十七條之一及第六十七條之二條文草案,有效監督民營鐵路機構對於列車駕駛員之專業訓練,4,57,602,0,0,0,0,0
941230,楊瓊瓔,農田水利會組織通則部分條文修正草案,農田水利會永續經營,2,34,602,1,1,0,2,1
950106,楊瓊瓔,所得稅法第四條條文修正草案,直接銷售貨物或勞務與所屬社員社之社員應免徵營業稅,2,45,602,1,1,0,2,1
950106,楊瓊瓔,加值型及非加值型營業稅法第八條條文修正草案,直接銷售貨物或勞務與所屬社員社之社員應免徵營業稅,2,35,602,1,1,0,2,1
950106,楊瓊瓔,文化藝術獎助條例第二條、第十三條及第二十六條條文修正草案,修訂文化藝術事業資格、放寬獎勵標準,3,33,602,1,1,0,2,1
950310,楊瓊瓔,所得稅法第十七條條文修正草案,增列學前教育扣除額,8,33,603,1,1,0,2,1
950407,楊瓊瓔,國防部總政治作戰局組織條例修正草案,提升國防部政治作戰局之組織位階,9,33,603,0,0,0,0,0
950407,楊瓊瓔,國軍老舊眷村改建條例部分條文修正草案,保留眷村文化及其經費,21,47,603,1,1,0,2,1
950428,楊瓊瓔,中華民國刑法第三百零六條條文修正草案,提高侵入住宅案件之刑期，以遏止此類犯罪,4,45,603,0,0,0,0,0
950428,楊瓊瓔,臺灣地區與大陸地區人民關係條例第三十六條條文修正草案,取消目前對大陸投資事項中，將銀行業列為禁止類之規定,13,74,603,1,0,0,1,0
950505,楊瓊瓔,海關進口稅則總則五修正草案,旅客攜帶自用行李外之零星物品，擬按2%稅率繳稅,1,33,603,0,0,0,0,0
950512,楊瓊瓔,所得稅法第十一條條文修正草案,將保險業務員佣金列為執行業務所得(利於業務員),6,37,603,1,1,0,2,1
950519,楊瓊瓔,聽力師法草案,提升聽力專業人員素質與服務品質，將其納入管理,2,33,603,0,0,0,0,0
950526,楊瓊瓔,經濟部智慧財產局組織條例第七條條文修正草案,增列專利審查官、商標審查官,5,37,603,0,0,0,0,0
950526,楊瓊瓔,就業保險法部分條文修正草案,依年齡高低級扶養親屬人數多寡，增列延長給付金額及期限,14,127,603,1,1,0,2,1
950919,楊瓊瓔,所得稅法第十七條條文修正草案,教育扣除額應納入由親屬代為扶養之失親學童,7,42,604,1,1,0,2,1
951020,楊瓊瓔,國軍退除役官兵輔導條例第二十九條條文修正草案,退除役官兵之遺眷若貧苦無依，應比照退除役官兵享有就養照顧,5,32,604,1,1,0,2,1
951110,楊瓊瓔,臺灣地區與大陸地區人民關係條例第十七條條文修正草案,非本國籍配偶欲取得身分證，不應有差別待遇,8,42,604,0,0,0,0,0
951117,楊瓊瓔,公務人員退休法第十六條之一條文修正草案,核研所歸建原能會，歸建前之舊年資得提敘併計,4,33,604,1,1,0,2,1
951124,楊瓊瓔,行政區劃法草案,縣市劃分過於零碎，造成資源無法合理配置及整合,5,38,604,0,0,0,0,0
951201,楊瓊瓔,所得稅法第五條之一及第十七條條文修正草案,教育特別扣除額依就讀大專院校之子女人數計算,7,53,604,1,1,0,2,1
951212,楊瓊瓔,臺灣地區與大陸地區人民關係條例第三十五條條文修正草案2,放寬企業赴大陸投資金額或比例上限,10,95,604,1,0,0,1,0
951212,楊瓊瓔,漁業法第四十一條條文修正草案,娛樂漁業之定義，增列可載客登島嶼、礁岩從事釣魚活動之漁業,8,65,604,0,0,0,0,0
951222,楊瓊瓔,勞工保險條例第十二條條文修正草案,使公營事業移轉民營後，員工之公保年資得以併計,9,35,604,1,1,0,2,1
951222,楊瓊瓔,老年農民福利津貼暫行條例第四條條文修正草案,放寬領取資格之限制,6,30,604,1,1,0,2,1
960309,楊瓊瓔,所得稅法第十七條條文修正草案,增列教育學費特別扣除範圍,7,43,605,1,1,0,2,1
960330,楊瓊瓔,就業服務法第五十八條條文修正草案,外勞失蹤亦可申請遞補,4,38,605,0,0,0,0,0
960410,楊瓊瓔,警察人員管理條例第二十二條條文修正草案,提高基層員警之年功俸,11,33,605,1,1,0,2,1
960410,楊瓊瓔,敬老福利生活津貼暫行條例第三條條文修正草案,調高津貼之金額,19,40,605,1,1,0,2,1
960413,楊瓊瓔,促進產業升級條例第一條條文修正草案,增加運動產業之適用,8,36,605,1,1,0,2,1
960427,楊瓊瓔,加值型及非加值型營業稅法增訂第十五條之一條文草案,避免重複課稅,10,68,605,1,1,0,2,1
960511,楊瓊瓔,行政院海岸巡防署海岸巡防總局各地區巡防局組織通則部分條文修正草案,跟分配沒關就對了,4,34,605,0,0,0,0,0
960511,楊瓊瓔,行政院海岸巡防署組織法刪除第二十二條條文草案,跟分配沒關就對了,4,34,605,0,0,0,0,0
960511,楊瓊瓔,勞工保險條例第九條之一條文修正草案,增列年資未滿十五年而不想續保者，可領回其保費,3,41,605,1,1,0,2,1
960525,楊瓊瓔,教育經費編列與管理法第三條條文修正草案,各級政府應以GNP作為編列依據,5,37,605,0,0,0,0,0
960525,楊瓊瓔,學校教職員退休條例第十八條條文修正草案,私立護理教師之退休金,7,32,605,1,1,0,2,1
960601,楊瓊瓔,敬老福利生活津貼暫行條例第八條條文修正草案,請領日期得追溯至本法施行日,6,29,605,1,1,0,2,1
960601,楊瓊瓔,敬老福利生活津貼暫行條例第三條條文修正草案,放寬津貼請領之範圍,4,34,605,1,1,0,2,1
960601,楊瓊瓔,所得稅法第十一條條文修正草案,使藝術家在報稅時能有所依據,3,36,605,0,0,0,0,0
960601,楊瓊瓔,公職人員選舉罷免法第六十五條條文修正草案,婦女保障民額,2,34,605,0,0,0,0,0
960608,楊瓊瓔,精神衛生法修正草案,充實社會心理治療及支持系統,6,66,605,0,0,0,0,0
960615,楊瓊瓔,醫師法第十二條、第十二條之一及第二十八條之四條文修正草案,保障病人人權及自我資訊之自主權利,11,52,605,0,0,0,0,0
960615,楊瓊瓔,資深村(里)、鄰長退職獎勵撫卹條例草案,有夠分配的分配阿,12,42,605,1,1,0,2,1
960911,楊瓊瓔,國防部組織法第十一條條文修正草案,達成國防科技自主研發之目標,2,30,606,0,0,0,0,0
961005,楊瓊瓔,全民健康保險法第十九條及第二十一條條文修正草案,有關勞工的保費，是在剝削弱勢,19,46,606,1,1,0,2,1
961012,楊瓊瓔,敬老福利生活津貼暫行條例第三條條文修正草案,擴大津貼請領之範圍,10,36,606,1,1,0,2,1
961102,楊瓊瓔,房屋稅條例第五條條文修正草案,某些人得以減稅,4,34,606,1,1,0,2,1
961107,楊瓊瓔,社會救助法部分條文修正草案,降低低收入戶門檻等,14,30,606,1,1,0,2,1
961123,楊瓊瓔,臺灣地區與大陸地區人民關係條例第九條條文修正草案,,11,32,606,0,0,0,0,0
961207,楊瓊瓔,民法增訂第八百二十四條之一條文草案,有關抵押權,4,34,606,0,0,0,0,0
940913,江連福,不在籍投票法草案,如法案名稱,5,30,602,0,0,0,0,0
940913,江連福,優生保健法部分條文修正草案,第七條之四有點分配的味道,3,42,602,1,1,0,2,1
950505,江連福,優生保健法修正草案,優生保健法已不合時宜,4,39,603,1,1,0,2,1
940311,紀國棟,國軍退伍軍人福利法草案,保障國軍退伍軍人應有之權利,6,48,601,1,1,0,2,1
940311,紀國棟,地方民意代表費用支給及村里長事務補助費補助條例第七條條文修正草案,增列村里長費用補助項目,3,41,601,1,1,0,2,1
940429,紀國棟,國家安全會議組織法第九條條文修正草案,響應組織再造及人事精簡政策,4,39,601,0,0,0,0,0
940429,紀國棟,考試院組織法第三條、第六條及第十九條條文修正草案,響應組織再造及人事精簡政策,4,38,601,0,0,0,0,0
940429,紀國棟,中華民國總統府組織法第十五條條文修正草案,響應組織再造及人事精簡政策,4,39,601,0,0,0,0,0
950512,紀國棟,刑事訴訟法第一百五十五條條文修正草案,本法仍有值得檢討處,3,30,601,0,0,0,0,0
950526,紀國棟,就業保險法部分條文修正草案,依年齡高低級扶養親屬人數多寡，增列延長給付金額及期限,14,127,601,1,1,0,2,1
951229,紀國棟,自由貿易港區設置管理條例部分條文修正草案,促進兩岸海運貨物之往來,4,34,604,1,1,0,2,1
960525,紀國棟,電子票證發行管理條例草案,就管理電子票證阿,3,66,605,0,0,0,0,0
960601,紀國棟,地方民意代表費用支給及村里長事務補助費補助條例第七條條文修正草案,圖利村里長,4,41,605,1,1,0,2,1
960615,紀國棟,公務人員俸給法第四條條文修正草案,調整七職等、八職等公務員之薪俸,6,30,605,1,1,0,2,1
940429,蔡其昌,宗教法草案,監督寺廟條例存有嚴重問題,2,30,601,0,0,0,0,0
940506,蔡其昌,銀行法增訂部分條文草案,解決信用卡、現金卡發卡浮濫之問題,1,34,601,0,0,0,0,0
940527,蔡其昌,國民大會組織法第十三條條文修正草案,根據大法官解釋，國大為無給職，故刪除其歲公費,5,35,601,0,0,0,0,0
940527,蔡其昌,工廠管理輔導法第三十三條條文修正草案,使輔導工廠登記之配套更為完善,3,36,601,1,1,0,2,1
940913,蔡其昌,地方民意代表費用支給及村里長事務補助費補助條例第六條條文修正草案,允許議員自由調整助理薪資,8,39,602,1,0,0,1,0
941014,蔡其昌,勞工退休金條例第二十三條條文修正草案,使勞工有自由選擇退休金運用方式之權利,8,98,602,1,0,0,1,0
941216,蔡其昌,道路交通管理處罰條例第三十七條及第六十七條條文修正草案,對乘客犯傷害罪之計程車業者應吊銷吊扣其執照,3,33,602,0,0,0,0,0
950111,蔡其昌,納稅者權利保護法草案,落實納稅者應有權利之保護,10,65,602,1,0,0,1,0
950407,蔡其昌,國軍老舊眷村改建條例部分條文修正草案,保留眷村文化及其經費,21,47,603,1,1,0,2,1
950414,蔡其昌,破產法增訂第一百五十一條之一至第一百五十一條之十七條文草案,增列自然人更生程序，供個人之債務清償及其限制依據,2,35,603,0,0,0,0,0
950428,蔡其昌,臺灣地區與大陸地區人民關係條例第三十六條條文修正草案,取消目前對大陸投資事項中，將銀行業列為禁止類之規定,13,74,603,1,0,0,1,0
950526,蔡其昌,就業保險法部分條文修正草案,依年齡高低級扶養親屬人數多寡，增列延長給付金額及期限,14,127,603,1,1,0,2,1
950919,蔡其昌,遺產及贈與稅法第七條條文修正草案,將被繼承人死亡的前兩年之贈與併入遺產稅之計算，以避免逃稅,2,31,604,0,0,0,0,0
951020,蔡其昌,動物保護法部分條文修正草案,保護動物不受虐，訂定相關規範,4,57,604,0,0,0,0,0
951212,蔡其昌,漁業法第四十一條條文修正草案,娛樂漁業之定義，增列可載客登島嶼、礁岩從事釣魚活動之漁業,8,75,604,0,0,0,0,0
951222,蔡其昌,房屋稅條例第十五條條文修正草案,各職業工會工辦公使用之房屋，免繳房屋稅,2,34,604,1,1,0,2,1
951222,蔡其昌,公路法第五十六條之一及第七十七條之三條文修正草案,各類客運進入高鐵之相關條件限制,5,48,604,0,0,0,0,0
951222,蔡其昌,政治獻金法第二十一條條文修正草案,尚未當選時所募之政治獻金，需在當選後兩年內花光，不符現狀，改為任期結束內。,2,52,604,0,0,0,0,0
960105,蔡其昌,勞工退休金條例第八條條文修正草案,賦予公營事業之公務員兼具勞工身份者選擇退休金制度之權利,6,35,604,1,1,0,2,1
960105,蔡其昌,溫室氣體減量法草案,共同保護地球環境,16,57,604,0,0,0,0,0
960323,蔡其昌,自由貿易港區設置管理條例第十二條條文修正草案,兼顧原住民之工作機會及廠商之投資意願,5,66,,0,0,0,0,0
960330,蔡其昌,記帳士法第二條條文修正草案,領有記帳及報稅代理業務人證明書者，得換領記帳士證書,20,98,605,0,0,0,0,0
960410,蔡其昌,國民年金法草案,國民年金制度已延宕多年,16,44,605,1,1,0,2,1
960410,蔡其昌,勞工保險條例部分條文修正草案,由一次給付改為按月領取,18,47,605,1,1,0,2,1
960410,蔡其昌,溫室氣體減量法草案,強調環境正義與國際接軌,17,38,605,0,0,0,0,0
960420,蔡其昌,戒嚴時期不當叛亂暨匪諜審判案件補償條例部分條文修正草案,修正補償為賠償,3,38,605,0,0,0,0,0
960420,蔡其昌,戒嚴時期人民受損權利回復條例第四條條文修正草案,修正補償為賠償,3,37,605,0,0,0,0,0
960504,蔡其昌,公益彩券發行條例第四條、第六條及第十一條條文修正草案,將運動彩券盈餘之使用於運動特種公益彩券管理辦法中規範,7,31,605,0,0,0,0,0
960525,蔡其昌,期貨交易法第一百零九條至第一百十一條條文修正草案,有關商務仲裁條例之相關修正,1,35,605,0,0,0,0,0
960525,蔡其昌,證券交易法部分條文修正草案,有關商務仲裁條例之相關修正,1,34,605,0,0,0,0,0
960608,蔡其昌,特殊教育法修正草案,提高特殊教育預算等改革,12,42,605,1,1,0,2,1
960615,蔡其昌,地方制度法第七條條文修正草案,縣市升格為直轄市之相關改革,9,49,605,1,0,1,2,1
960911,蔡其昌,遺產及贈與稅法第十三條及第十八條條文修正草案,提高遺產稅免稅額,7,104,606,1,1,0,2,1
961107,蔡其昌,農民健康保險條例第二十五條條文修正草案,將生育給付拉升至三個月,3,32,606,1,1,0,2,1
961116,蔡其昌,民法繼承編第一千一百五十四條、第一千一百五十六條及第一千一百七十四條條文修正草案,擴大適用限定繼承之範圍,3,30,606,0,0,0,0,0
961116,蔡其昌,社會工作師法修正草案,健全社會工作專業制度,5,32,606,0,0,0,0,0
940311,謝欣霓,保安處分執行法第七十八條條文修正草案,擴大強制治療處所之範圍,8,38,601,0,0,0,0,0
940429,謝欣霓,菸害防制法增訂第四條之一至第四條之六條文草案,採以價課徵之原則,3,30,601,1,0,0,1,0
940513,謝欣霓,有線廣播電視法第六十七條條文修正草案,針對不當插撥蓋台予以有效裁罰,1,34,601,0,0,0,0,0
940513,謝欣霓,中華民國刑法部分條文修正草案,保障依法執行公務之公務員法益（殺警奪槍）,6,35,601,0,0,0,0,0
940527,謝欣霓,身心障礙者保護法第三十一條條文修正草案,對於身障者工作機會的保障,5,39,601,1,1,0,2,1
940527,謝欣霓,地方制度法第八十二條條文修正草案,縣市長改由聯名登記參選制。首長辭職死亡後，由聯名參選之副手代理,4,42,601,0,0,0,0,0
940527,謝欣霓,公職人員選舉罷免法部分條文修正草案,縣市長改由聯名登記參選制。首長辭職死亡後，由聯名參選之副手代理,4,42,601,0,0,0,0,0
940527,謝欣霓,工廠管理輔導法第三十三條條文修正草案,使輔導工廠登記之配套更為完善,3,36,601,1,1,0,2,1
940923,謝欣霓,立法院各委員會組織法第三條之一條文修正草案,被起訴之立委不能參加司法委員會,3,35,602,0,0,0,0,0
940923,謝欣霓,國軍退除役官兵輔導條例第三十二條條文修正草案,榮譽國民權益停止之規定過於寬鬆,4,42,602,0,0,0,0,0
940923,謝欣霓,專科學校法第七條條文修正草案,為利技職教育之教育資源整合,1,49,602,0,0,0,0,0
941007,謝欣霓,家庭暴力防治法部分條文修正草案,家暴法仍有不少缺失,27,112,602,0,0,0,0,0
941118,謝欣霓,兩性工作平等法第十五條條文修正草案,讓受雇者便於利用陪產假,5,30,602,0,0,0,0,0
950106,謝欣霓,農產品市場交易法第七條條文修正草案,目前農產品價格暴漲暴跌，且為運銷商所壟斷,1,31,602,0,0,0,0,0
950111,謝欣霓,納稅者權利保護法草案,落實納稅者應有權利之保護,10,65,602,1,0,0,1,0
950310,謝欣霓,勞工保險條例第六十六條條文修正草案,勞保基金之運用之操作需自負盈虧，顯不合理,1,30,603,1,1,0,2,1
950331,謝欣霓,債務催收行為法草案,將債務催收行為導入法制管理,7,39,603,0,0,0,0,0
950331,謝欣霓,特殊境遇婦女家庭扶助條例第十二條條文修正草案,協助弱勢婦女創業之相關規定，未將遭受家暴之婦女納入,3,69,603,1,1,0,2,1
950331,謝欣霓,勞動基準法增訂第五十八條之一條文草案,立法上之不平等,2,36,603,0,0,0,0,0
950407,謝欣霓,醫事檢驗師法第十二條、第十七條及第三十三條條文修正草案,實習之學生可在物理治療師指導下執行治療業務,8,35,603,0,0,0,0,0
950407,謝欣霓,刑事訴訟法第三十一條及第三十五條條文修正草案,保障智能障礙者在刑事訴訟過程中之權益,3,39,603,0,0,0,0,0
950414,謝欣霓,勞動基準法部分條文修正草案,將婚假、喪假、事假之事由及日數，明文規定於此,2,31,603,0,0,0,0,0
950414,謝欣霓,兩性工作平等法第十五條條文修正草案,修法延長陪產假為七日,2,31,603,0,0,0,0,0
950421,謝欣霓,所得稅法第十七條條文修正草案,將全民健保費納入特別扣除額之規範內,2,30,603,1,1,0,2,1
950421,謝欣霓,高級中學法第十二條條文修正草案,有關附屬高中校長遴選之規定不合理,2,38,603,0,0,0,0,0
950512,謝欣霓,老人福利法修正草案,維護老人尊嚴、保障老人權益,17,60,603,1,1,0,2,1
950919,謝欣霓,行政院農業委員會組織條例部分條文修正草案,增設動物保護處,5,34,604,0,0,0,0,0
951013,謝欣霓,母乳哺育基本法草案,對母乳代用品之流通管制名列法律規範,5,36,604,0,0,0,0,0
951117,謝欣霓,國民體育法第十二條條文修正草案,過過租稅優惠制度，協助真正有心經營職棒之球團，誘導球團建立二軍制度,9,38,604,1,1,0,2,1
960316,謝欣霓,兒童及少年福利法部分條文修正草案,將早期療育界定為三歲內，且經費補助以弱勢家庭為優先,5,34,605,1,1,0,2,1
960410,謝欣霓,溫室氣體減量法草案,強調環境正義與國際接軌,17,38,605,0,0,0,0,0
960608,謝欣霓,特殊教育法修正草案,提高特殊教育預算等改革,12,42,605,1,1,0,2,1
960615,謝欣霓,地方制度法第七條條文修正草案,縣市升格為直轄市之相關改革,9,49,605,1,0,1,2,1
940506,郭俊銘,全民健康保險法部分條文修正草案,健保制度之改革,1,61,601,0,0,0,0,0
940520,郭俊銘,再生能源發展條例草案,善盡台灣國際義務，加速推動再生能源利用,1,55,601,1,1,0,2,1
950512,郭俊銘,加值型及非加值型營業稅法第七條條文修正草案,使外銷貨物零稅率之事用不止侷限在台灣地區,2,76,603,1,1,0,2,1
950526,郭俊銘,就業保險法部分條文修正草案,依年齡高低級扶養親屬人數多寡，增列延長給付金額及期限,14,127,603,1,1,0,2,1
951110,郭俊銘,全民健康保險法部分條文修正草案,全民健康保險改革建議方案,1,71,604,0,0,0,0,0
940311,顏清標,行政院組織法第三條條文修正草案,行政院應單獨成立退伍軍人事務部,7,39,601,1,1,0,2,1
940311,顏清標,所得稅法第十七條條文修正草案,將教育特別扣除額，提高至按實繳金額扣除之,12,46,601,1,1,0,2,1
940311,顏清標,保安處分執行法第七十八條條文修正草案,擴大強制治療處所之範圍,8,38,601,0,0,0,0,0
940311,顏清標,監獄行刑法部分條文修正草案,防止連續性暴力犯罪者出獄危害社會,8,36,601,0,0,0,0,0
940318,顏清標,菸酒稅法第二十二條及第二十三條條文修正草案,煙害福利捐是屬專款專用，性質上不屬賦稅，應由衛生署主管,2,31,601,0,0,0,0,0
940318,顏清標,菸害防制法部分條文修正草案,將煙品福利捐改為從價課收，以達照顧煙農，以價制量之效,2,31,601,1,0,0,1,0
940318,顏清標,八二三戰役參戰官兵晚年生活照顧特別條例草案,照顧823抗戰榮民晚年生活,14,39,601,1,1,0,2,1
940527,顏清標,冷凍空調業管理條例部分條文修正草,健全冷凍空調業發展，建立明確專業分工,7,77,601,0,0,0,0,0
940913,顏清標,殯葬管理條例第七十一條條文修正草案,醫院不得設殮、殯、奠、祭,5,31,602,0,0,0,0,0
950512,顏清標,加值型及非加值型營業稅法第七條條文修正草案,使外銷貨物零稅率之事用不止侷限在台灣地區,2,76,603,1,1,0,2,1
960112,顏清標,行政訴訟法增訂第二百四十一條之一條文草案,增訂稅務行政事件級其他會計師法定業務事件，會計師為法定代理人之規定,3,32,604,0,0,0,0,0
961012,顏清標,鐵路法部分條文修正草案,高鐵讓民眾受傷時，有明確的求償法律依據,5,38,606,1,0,0,1,0
961123,顏清標,民法債編第七百五十一條條文修正草案,完備保證之相關權利義務,3,30,606,0,0,0,0,0
940318,馮定國,軍人撫卹條例第十八條條文修正草案,落實軍人及眷屬之照顧（撫卹金）,5,49,601,1,1,0,2,1
940318,馮定國,行政院組織法第三條條文修正草案,落實軍人照顧，將退輔會改制為退伍軍人事務部,9,35,601,1,1,0,2,1
940318,馮定國,八二三戰役參戰官兵晚年生活照顧特別條例草案,照顧823抗戰榮民晚年生活,14,39,601,1,1,0,2,1
940318,馮定國,卸任總統副總統禮遇條例修正草案,卸任正副總統禮遇太高，應予修正,3,40,601,0,0,0,0,0
940318,馮定國,中華民國總統府組織法第十五條及第十六條條文修正草案,限制顧問、資政之人數及是否給職,3,34,601,0,0,0,0,0
940325,馮定國,退伍軍人福利法草案,竭力維護退伍軍人之福祉,11,35,601,1,1,0,2,1
940401,馮定國,離島建設條例第十八條條文修正草案,比照台灣出入境手續，取消離島需出入證照規範,3,31,601,0,0,0,0,0
940401,馮定國,陸軍軍士教導總隊士官退伍補償條例草案,政府並未與其實質照顧，故立法保障其晚年生活,8,30,601,1,1,0,2,1
940401,馮定國,使用牌照稅法第七條條文修正草案,使構成要件及範圍明確,7,32,601,0,0,0,0,0
940401,馮定國,地方制度法第二十六條條文修正草案,鄉鎮制定至具有罰則的自治規定不需報經縣政府,5,30,601,0,0,0,0,0
940401,馮定國,公路法第三十四條及第三十五條條文修正草案,在將小客車租賃明文化時，漏為規範客貨兩用之小型車，影響了兩萬名車主之權益,7,32,601,0,0,0,0,0
940401,馮定國,道路交通管理處罰條例部分條文修正草案,政府應照顧及保護電動二輪代步車,6,30,601,1,1,0,2,1
940401,馮定國,所得稅法第十一條條文修正草案,保險人員申報時得扣除一定比例之業務必要費用,9,31,601,1,1,0,2,1
940401,馮定國,中華民國刑法第二百八十四條條文修正草案,加重傷害罪之刑責,3,30,601,0,0,0,0,0
940401,馮定國,中華民國刑法增訂第一百四十四條之一條文草案,防堵期約賄選行為,5,31,601,0,0,0,0,0
940408,馮定國,地方制度法第八十二條條文修正草案,地方首長因故無法完成任期者，由第二高票遞補,3,31,601,0,0,0,0,0
940415,馮定國,電子廣告信件管理條例草案,對垃圾郵件問題提出管理辦法,3,33,601,0,0,0,0,0
940415,馮定國,通訊投票法草案,選舉由戶籍制改為登記制，以利於不在籍之選民,4,30,601,0,0,0,0,0
940415,馮定國,中華民國前江浙閩粵反共救國軍官兵補發薪餉條例草案,補發這些反共救國官兵薪餉,5,30,601,1,1,0,2,1
940415,馮定國,老人福利法第九條、第十二條及第二十五條條文修正草案,定義弄明確一點，另外小型機構亦可接受合理之補助,3,32,601,1,1,0,2,1
940415,馮定國,公益彩券發行條例第六條條文修正草案,避免公益彩券盈餘受到黑箱作業，不當之挪用,2,35,601,0,0,0,0,0
940513,馮定國,九二一震災重建暫行條例第七十二條條文修正草案,不應以法律不溯及既往之原則，導致災民有不平等的對象,1,32,601,1,1,0,2,1
940513,馮定國,離島建設條例部分條文修正草案,保障離島居民權益,5,33,601,1,0,1,2,1
940513,馮定國,立法院職權行使法第十三條條文修正草案,提升立法效率,2,36,601,0,0,0,0,0
940520,馮定國,行政院衛生署中醫藥委員會組織條例部分條文修正草案,於中醫藥委員會中增設傳統醫療組,4,51,601,0,0,0,0,0
950519,馮定國,法院組織法第六十六條條文修正草案,檢查總長改為由總統任命，立院同意任命之,1,31,601,0,0,0,0,0
940527,馮定國,八二三戰役參戰榮民晚年生活照顧特別條例草案,保障八二三戰役參戰榮民晚年生活,6,31,601,1,1,0,2,1
951020,馮定國,立法院職權行使法刪除第四十二條條文草案,總統之彈劾不限於內亂外患,3,34,604,0,0,0,0,0
951212,馮定國,臺灣地區與大陸地區人民關係條例第三十五條條文修正草案,放寬企業赴大陸投資金額或比例上限,9,83,604,1,0,0,1,0
960323,馮定國,政府採購法第八十五條之一條文修正草案,政府採購之效力和法院有所不同,6,47,605,0,0,0,0,0
960410,馮定國,警察人員管理條例第二十二條條文修正草案,提高基層員警之年功俸,11,33,605,1,1,0,2,1
960420,馮定國,敬老福利生活津貼暫行條例第三條條文修正草案,提高金額,5,31,605,1,1,0,2,1
960427,馮定國,加值型及非加值型營業稅法增訂第十五條之一條文草案,避免重複課稅,10,68,605,1,1,0,2,1
960601,馮定國,敬老福利生活津貼暫行條例第三條條文修正草案,放寬津貼請領之範圍,4,34,605,1,1,0,2,1
961214,馮定國,都市計畫法第三十六條條文修正草案,工業區一公里？變更？,1,30,606,0,0,0,0,0
940318,丁守中,行政院組織法第三條條文修正草案,將退輔會升格為退伍軍人事務部,9,35,601,1,1,0,2,1
940318,丁守中,卸任總統副總統禮遇條例修正草案,卸任正副總統禮遇太高，應予修正,3,40,601,0,0,0,0,0
940318,丁守中,中華民國總統府組織法第十五條及第十六條條文修正草案,限制顧問、資政之人數及是否給職,3,34,601,0,0,0,0,0
940325,丁守中,菸害防制法修正草案,以價制量、室內全面禁菸等,9,52,601,0,0,0,0,0
940408,丁守中,漁港法第十八條條文修正草案,漁港得有條件開放民眾垂釣,3,45,601,0,0,0,0,0
940422,丁守中,地方制度法第八十二條條文修正草案,首長去職、死亡等由副首長優先代理,1,34,601,0,0,0,0,0
940520,丁守中,中華民國刑法第十條、第七十七條及第一百三十五條條文修正草案,針對殺警而修,2,47,601,0,0,0,0,0
940913,丁守中,不在籍投票法草案,如法案名稱,5,30,602,0,0,0,0,0
941007,丁守中,發展大眾運輸條例第二條條文修正草案,希望交通部儘速訂出配套將計程車免徵燃料稅,2,32,602,1,1,0,2,1
941014,丁守中,敏感科學技術及競爭力保護法草案,保護敏感科技(國安),9,43,602,0,0,0,0,0
941104,丁守中,公職人員財產申報法第二條條文修正草案,官股持股超過2成者，其董監事依本法受監督,3,30,602,0,0,0,0,0
941111,丁守中,臺灣地區與大陸地區人民關係條例第九條條文修正草案,讓基層員警及一般公務員可像一般人去大陸,4,40,602,0,0,0,0,0
941118,丁守中,金融控股公司法第三十六條及第三十七條條文修正草案,限制跨業投資之資本及創投事業之規定,2,32,602,0,0,0,0,0
941125,丁守中,建築法第十三條及第六十條條文修正草案,建物之設計人與監造人不應以建築師為限,9,36,602,1,0,0,1,0
950407,丁守中,物理治療師法第三十二條條文修正草案,實習之學生可在物理治療師指導下執行治療業務,9,39,603,0,0,0,0,0
950407,丁守中,職能治療師法第四十一條條文修正草案,實習之學生可在物理治療師指導下執行治療業務,7,42,603,0,0,0,0,0
950407,丁守中,醫事放射師法第十二條、第十六條及第三十四條條文修正草案,實習之學生可在物理治療師指導下執行治療業務,7,44,603,0,0,0,0,0
950407,丁守中,醫事檢驗師法第十二條、第十七條及第三十三條條文修正草案,實習之學生可在物理治療師指導下執行治療業務,8,35,603,0,0,0,0,0
950407,丁守中,國軍老舊眷村改建條例部分條文修正草案,保留眷村文化及其經費,21,47,603,1,1,0,2,1
950505,丁守中,立法院職權行使法第七十條及第七十一條之一條文修正草案,黨團協商內容應公開,5,40,603,0,0,0,0,0
950512,丁守中,學校教職員退休條例增訂第五條之二條文草案,因政府法令導致權益受損時可變更領取退休金方式,4,32,603,1,1,0,2,1
950512,丁守中,所得稅法第十一條條文修正草案,將保險業務員佣金列為執行業務所得(利於業務員),6,37,603,1,1,0,2,1
950929,丁守中,債務催收行為法草案,管制討債行為,6,34,604,0,0,0,0,0
950929,丁守中,預算法增訂第三十二條之一條文草案,新興資本支出及新增計畫應送交立院審議,8,32,604,0,0,0,0,0
951020,丁守中,道路交通管理處罰條例第五十六條條文修正草案,將長期佔用及欠繳停車費之車輛移至適當處所,3,54,604,0,0,0,0,0
951103,丁守中,刑事訴訟法第一百八十二條條文修正草案,新增心理師得拒絕因其業務知悉之證言,4,44,604,0,0,0,0,0
951110,丁守中,臺灣地區與大陸地區人民關係條例第十七條條文修正草案,非本國籍配偶欲取得身分證，不應有差別待遇,8,42,604,0,0,0,0,0
951110,丁守中,公務人員任用法第二十八條條文修正草案,精神疾病不能擔任公務員，太過籠統,2,33,604,1,1,0,2,1
951110,丁守中,石油管理法第三十六條條文修正草案,將石油基金用於安全管理之措施,2,39,604,0,0,0,0,0
951117,丁守中,公務人員退休法第十六條之一條文修正草案,核研所歸建原能會，歸建前之舊年資得提敘併計,4,33,604,1,1,0,2,1
951117,丁守中,心理師法部分條文修正草案,原條文過度限制心理師空間，且罰則總計高達16條,2,33,604,0,0,0,0,0
951124,丁守中,道路交通管理處罰條例部分條文修正草案,太專業看不懂,3,35,604,0,0,0,0,0
951201,丁守中,電信法第三十二條條文修正草案,管制建物架設發射台之數量,2,39,604,0,0,0,0,0
951212,丁守中,漁業法第四十一條條文修正草案,娛樂漁業之定義，增列可載客登島嶼、礁岩從事釣魚活動之漁業,8,75,604,0,0,0,0,0
951222,丁守中,全民健康保險法增訂第二十八條之一及第二十九條之一條文草案,健保補助費應由中央全額負擔,4,42,604,1,0,1,2,1
951222,丁守中,消防法增訂第十五條之二條文草案,將液化石油氣之管理納入規範,1,45,604,0,0,0,0,0
960302,丁守中,所得稅法第十七條條文修正草案,增加單親家庭納稅免稅額,5,42,605,1,1,0,2,1
960316,丁守中,兒童及少年福利法部分條文修正草案,將早期療育界定為三歲內，且經費補助以弱勢家庭為優先,5,34,605,1,1,0,2,1
960330,丁守中,自由貿易港區設置管理條例部分條文修正草案,降低營所稅,4,30,605,1,1,0,2,1
960330,丁守中,就業服務法第五十八條條文修正草案,外勞失蹤亦可申請遞補,4,38,605,0,0,0,0,0
960413,丁守中,國防部參謀本部組織條例修正草案,國防部指揮系統啥的,2,33,605,0,0,0,0,0
960420,丁守中,食品衛生管理法部分條文修正草案,提高廣告不實之罰則,2,42,605,0,0,0,0,0
960427,丁守中,加值型及非加值型營業稅法增訂第十五條之一條文草案,避免重複課稅,10,68,605,1,1,0,2,1
960427,丁守中,立法委員行為法第七條條文修正草案,主席可召喚警衛維持秩序,2,68,605,0,0,0,0,0
960525,丁守中,學校教職員退休條例第十八條條文修正草案,私立護理教師之退休金,7,32,605,1,1,0,2,1
960525,丁守中,電子票證發行管理條例草案,就管理電子票證阿,3,66,605,0,0,0,0,0
960608,丁守中,精神衛生法修正草案,充實社會心理治療及支持系統,6,66,605,0,0,0,0,0
940429,徐國勇,土地法第十四條條文修正草案,日據時代寺廟被佔，後被指定為古蹟，依本條不得為私有，故修改之,5,38,601,1,1,0,2,1
940527,徐國勇,國民大會組織法第十三條條文修正草案,根據大法官解釋，國大為無給職，故刪除其歲公費,5,35,601,0,0,0,0,0
940527,徐國勇,強制醫療責任保險法草案,保障因醫療疏忽而受傷或死亡傷患之權利,3,33,601,0,0,0,0,0
941021,徐國勇,政治獻金法第十一條條文修正草案,確保參選人收受政治獻金之權益,8,32,602,0,0,0,0,0
941021,徐國勇,地方制度法增訂第八十三條之一條文草案,整併地方公職人員選舉期程，減少選舉次數,8,32,602,0,0,0,0,0
941021,徐國勇,公證法部分條文修正草案,建立更為便捷之公證制度,5,45,602,0,0,0,0,0
941028,徐國勇,中華民國總統府組織法第三條條文修正草案,國民大會已廢，有關法條亦應一併修正,4,39,602,0,0,0,0,0
941028,徐國勇,司法院組織法第八條條文修正草案,國民大會已廢，有關法條亦應一併修正,4,39,602,0,0,0,0,0
941028,徐國勇,監察院組織法第六條條文修正草案,國民大會已廢，有關法條亦應一併修正,4,39,602,0,0,0,0,0
941028,徐國勇,立法院職權行使法第四十四條條文修正草案,國民大會已廢，有關法條亦應一併修正,4,39,602,0,0,0,0,0
941028,徐國勇,公文程式條例第二條條文修正草案,國民大會已廢，有關法條亦應一併修正,4,39,602,0,0,0,0,0
941028,徐國勇,印信條例第三條及第五條條文修正草案,國民大會已廢，有關法條亦應一併修正,4,39,602,0,0,0,0,0
941028,徐國勇,宣誓條例部分條文修正草案,國民大會已廢，有關法條亦應一併修正,4,39,602,0,0,0,0,0
941028,徐國勇,國籍法第十條及第二十條條文修正草案,國民大會已廢，有關法條亦應一併修正,4,39,602,0,0,0,0,0
941028,徐國勇,農田水利會組織通則第二十三條條文修正草案,國民大會已廢，有關法條亦應一併修正,4,39,602,0,0,0,0,0
941028,徐國勇,農會法第二十七條條文修正草案,國民大會已廢，有關法條亦應一併修正,4,39,602,0,0,0,0,0
941028,徐國勇,公務人員協會法部分條文修正草案,國民大會已廢，有關法條亦應一併修正,4,39,602,0,0,0,0,0
941028,徐國勇,公務人員任用法第十八條及第二十六條之一條文修正草案,國民大會已廢，有關法條亦應一併修正,4,39,602,0,0,0,0,0
941028,徐國勇,公務人員考績法第十四條條文修正草案,國民大會已廢，有關法條亦應一併修正,4,39,602,0,0,0,0,0
941028,徐國勇,政務人員退職撫卹條例第二條條文修正草案,國民大會已廢，有關法條亦應一併修正,4,39,602,0,0,0,0,0
941028,徐國勇,漁會法第二十九條條文修正草案,國民大會已廢，有關法條亦應一併修正,4,39,602,0,0,0,0,0
941028,徐國勇,公職人員選舉罷免法部分條文修正草案,國民大會已廢，有關法條亦應一併修正,4,39,602,0,0,0,0,0
941125,徐國勇,營造業法第三十一條條文修正草案,工地主任評定合格之定義，並規定工地主任應組織全國工地主任工會,6,70,602,0,0,0,0,0
941125,徐國勇,教育經費編列與管理法第三條條文修正草案,政府應以GNP制定教育經費比例,2,31,602,1,0,0,1,0
951117,徐國勇,專利法第七十六條條文修正草案,強制授權得為針對不公平競爭行為之救濟方法,9,55,604,0,0,0,0,0
951124,徐國勇,刑事訴訟法第二百七十三條之一及第二百八十四條之一條文修正草案,看不懂的司法改革,2,50,604,0,0,0,0,0
960105,徐國勇,溫室氣體減量法草案,共同保護地球環境,16,57,604,0,0,0,0,0
960410,徐國勇,溫室氣體減量法草案,強調環境正義與國際接軌,17,38,605,0,0,0,0,0
960420,徐國勇,高等考試法官檢察官律師考試條例草案,將法律係所變為三年制專業研究所,15,146,605,0,0,0,0,0
960420,徐國勇,地方制度法第七十八條條文修正草案,貫徹政府掃除黑金之政策,1,64,605,0,0,0,0,0
960608,徐國勇,特殊教育法修正草案,提高特殊教育預算等改革,12,42,605,1,1,0,2,1
960608,徐國勇,國防部組織法第十一條條文修正草案,國防科研機構位階太低,12,42,605,0,0,0,0,0
961102,徐國勇,民事訴訟法第七十七條之二十三條文修正草案,當事人預納之費用，應於訴訟終結後返還繳款人,5,36,606,1,0,0,1,0
940311,李永萍,監獄行刑法部分條文修正草案,防止連續性暴力犯罪者出獄危害社會,8,36,601,0,0,0,0,0
940311,李永萍,監獄組織通則增訂第二十一條之一條文草案,防止連續性暴力犯罪者出獄危害社會,7,36,601,0,0,0,0,0
940311,李永萍,保安處分執行法第七十八條條文修正草案,擴大強制治療處所之範圍,8,38,601,0,0,0,0,0
940318,李永萍,行政院組織法第三條條文修正草案,將退輔會升格為退伍軍人事務部,9,35,601,1,1,0,2,1
940408,李永萍,入出國及移民法修正草案,保障外國人及歸化者人權,7,53,601,0,0,0,0,0
940415,李永萍,行政院組織法第三條條文修正草案,成立性別平等委員會,8,43,601,0,0,0,0,0
940513,李永萍,全民健康保險法部分條文修正草案,27條地方補助部分改由中央，解決地方欠費問題,5,44,601,1,0,1,2,1
940527,李永萍,冷凍空調業管理條例部分條文修正草,健全冷凍空調業發展，建立明確專業分工,7,77,601,0,0,0,0,0
940913,李永萍,家庭暴力防治法第九條條文修正草案,保護令之申請費由國庫支出,2,38,602,1,1,0,2,1
940913,李永萍,殯葬管理條例第七十一條條文修正草案,醫院不得設殮、殯、奠、祭,5,31,602,0,0,0,0,0
940916,李永萍,大陸地區人民來臺從事觀光活動條例草案,開放大陸人民觀光，振興經濟,11,56,602,1,0,0,1,0
940923,李永萍,驗光師與配鏡師法草案,配鏡、驗光要分開,4,33,602,0,0,0,0,0
941007,李永萍,家庭暴力防治法部分條文修正草案,落實本法精神、保護被害人安全,27,112,602,0,0,0,0,0
941014,李永萍,敏感科學技術及競爭力保護法草案,保護敏感科技(國安),9,43,602,0,0,0,0,0
941125,李永萍,營造業法第三十一條條文修正草案,釐清工地主任評定合格之意涵。另外工地主任應組工會,6,70,602,0,0,0,0,0
950407,李永萍,會計師法修正草案,諸多條文已不合時宜,6,30,603,0,0,0,0,0
950526,李永萍,經濟部智慧財產局組織條例第七條條文修正草案,增列專利審查官、商標審查官,5,37,603,0,0,0,0,0
951103,李永萍,集會遊行法部分條文修正草案,將事前許可制改為事前報備制,3,32,604,0,0,0,0,0
951103,李永萍,消防法增訂第七條之一條文草案,消防設備師或設備士應加入設備師（士）公會後始得執行業務,3,35,604,0,0,0,0,0
951124,李永萍,行政區劃法草案,縣市劃分過於零碎，造成資源無法合理配置及整合,5,38,604,0,0,0,0,0
951201,李永萍,所得稅法第五條之一及第十七條條文修正草案,教育特別扣除額依就讀大專院校之子女人數計算,7,53,604,1,1,0,2,1
951222,李永萍,電信法第四十三條、第六十七條及第七十條條文修正草案,使電信工程業落實業必歸會精神,2,37,604,0,0,0,0,0
960112,李永萍,有線廣播電視法部分條文修正草案,相關業務已移轉至NCC，故刪除有關有線電視審議委員會之規定,4,30,604,0,0,0,0,0
940401,林重謨,行政院金融重建基金設置及管理條例部分條文修正草案,上屆已取得高度共識，但仍未完成立法,17,147,601,0,0,0,0,0
940408,林重謨,遊說法草案,確保民意反映過程公開、透明，建立陽光政治,1,39,601,0,0,0,0,0
940520,林重謨,銀行法第四十八條條文修正草案,增列銀行保密之除外條款,1,36,601,0,0,0,0,0
940520,林重謨,道路交通管理處罰條例第八十二條條文修正草案,移置保管停在公有停車格之宣傳車,2,36,601,0,0,0,0,0
940520,林重謨,姓名條例第二條條文修正草案,外國人歸化後，得以中文姓名及原有外文並列登記,1,31,601,0,0,0,0,0
940527,林重謨,身心障礙者保護法第三十一條條文修正草案,對於身障者工作機會的保障,5,39,601,1,1,0,2,1
940913,林重謨,建築法第四十五條條文修正草案,該條文造成許多畸零地形成,2,43,602,0,0,0,0,0
940923,林重謨,有線廣播電視法第三十七條條文修正草案,賦予無線電視台對有線電視業者採取免費轉載或協商付費轉載之權利,2,66,602,0,0,0,0,0
950111,林重謨,納稅者權利保護法草案,落實納稅者應有權利之保護,10,65,602,1,0,0,1,0
960330,林重謨,老年農民福利津貼暫行條例第四條條文修正草案,提高金額,8,32,605,1,1,0,2,1
940304,蔡正元,宗教團體法草案,保障信仰自由、維護宗教自主尊嚴,4,39,601,1,1,0,2,1
940415,蔡正元,交通銀行條例,交銀已民營化，提案廢此法,2,31,601,0,0,0,0,0
940415,蔡正元,中國農民銀行條例,已民營化，提案廢此法,2,31,601,0,0,0,0,0
940415,蔡正元,中國國際商業銀行條例,已民營化，提案廢此法,2,31,601,0,0,0,0,0
940422,蔡正元,行政院金融重建基金設置及管理條例第五條條文修正草案,避免道德風險，損害納稅人權益,5,36,601,0,0,0,0,0
940422,蔡正元,戒嚴時期台肥公司徵收土地調查及處理條例草案,賦予戒嚴時被徵收人向台肥收回土地之法律依據,3,33,601,1,1,0,2,1
940429,蔡正元,國家安全會議組織法第九條條文修正草案,響應組織再造及人事精簡政策,4,39,601,0,0,0,0,0
940429,蔡正元,考試院組織法第三條、第六條及第十九條條文修正草案,響應組織再造及人事精簡政策,4,38,601,0,0,0,0,0
940429,蔡正元,中華民國總統府組織法第十五條條文修正草案,響應組織再造及人事精簡政策,4,39,601,0,0,0,0,0
940506,蔡正元,菸害防制法修正草案,維護國人健康,4,35,601,0,0,0,0,0
940520,蔡正元,噪音管制法增訂第十條之一及第十八條之一條文草案,規定地方政府可取締高速公路及高速鐵路噪音,1,45,601,0,0,0,0,0
940916,蔡正元,冷凍空調業管理條例部分條文修正草案,業必歸會,8,58,602,0,0,0,0,0
941007,蔡正元,營業稅法第八條條文修正草案,由公司型態組成的果菜批發市場也應該不用繳5%營業稅,1,32,602,1,1,0,2,1
941007,蔡正元,大學法第六條條文修正草案,市立大學校長應由市府遴選組織挑選,1,30,602,0,0,0,0,0
941007,蔡正元,公民投票法第十七條條文修正草案,總統提出公投需在十日內交由立院追認,1,56,602,0,0,0,0,0
941007,蔡正元,臺灣地區與大陸地區人民關係條例第三十八條條文修正草案,開放新台幣與人民幣兌換,2,54,602,0,0,0,0,0
941007,蔡正元,菸酒稅法第八條條文修正草案,將米酒改為料理米酒稅或是免稅,8,60,602,1,1,0,2,1
941007,蔡正元,所得稅法部分條文修正草案,首長特給費應繳稅，軍人及托兒所、幼稚園之薪資也應繳稅,1,51,602,0,0,0,0,0
941007,蔡正元,師資培育法第十三條條文修正草案,設置優秀清寒獎學金,2,43,602,1,1,0,2,1
941104,蔡正元,卸任總統副總統禮遇條例部分條文修正草案,現行法規過於優渥,2,72,602,0,0,0,0,0
941111,蔡正元,所得基本稅額條例草案,稅氏支出造成賦稅不公，為維護租稅公平而提,2,49,602,0,0,0,0,0
941118,蔡正元,行動通信基地台設置條例草案,維護基地台居民身心健康，落實社區參與精神，設置基地台需半數居民同意,6,69,602,0,0,0,0,0
950317,蔡正元,海關進口稅則第二十七章部分稅則修正草案,使油品市場朝健全市場機制發展，避免聯合漲價(降低汽油關稅),6,42,603,1,1,0,2,1
950512,蔡正元,消費者債務清理條例草案,積極保障卡奴權益，因為卡爆族無法適用破產法提出更生,8,45,603,0,0,0,0,0
940325,蔣孝嚴,公職人員選舉罷免法第二十條條文修正草案,推動不在籍投票,4,41,601,0,0,0,0,0
941007,蔣孝嚴,菸酒稅法第八條條文修正草案,將米酒改為料理米酒稅或是免稅,8,60,602,1,1,0,2,1
950106,蔣孝嚴,私立學校法修正草案,強化私立學校之公共性與自主性,5,32,602,0,0,0,0,0
960105,蔣孝嚴,入出國及移民法第十條條文修正草案,現行法令對於在國外出生之無戶籍國民申請在台定居限制過於嚴苛，阻礙海外僑胞回台工作定居之意願,8,135,604,0,0,0,0,0
960112,蔣孝嚴,中央及地方政府各機關首長與副首長特別費支給條例草案,將中央及地方政府各機關正副首長特別費之預算編列與支用予以法制化,3,52,604,0,0,0,0,0
961019,蔣孝嚴,財政收支劃分法修正草案,擴大統籌分配款稅模，解決地方財政問題,7,30,606,1,0,1,2,1
940325,費鴻泰,菸害防制法修正草案,法令不合時宜,9,52,601,0,0,0,0,0
940401,費鴻泰,使用牌照稅法第七條條文修正草案,使構成要件及範圍明確,7,32,601,0,0,0,0,0
940408,費鴻泰,所得稅法第十七條及第一百二十六條條文修正草案,提高有配偶者之標準扣除額，鼓勵結婚,5,46,601,1,1,0,2,1
940415,費鴻泰,中央廣播電台設置條例第七條及第八條條文修正草案,於董事會設置勞工代表，保障勞工權益,4,31,601,0,0,0,0,0
940527,費鴻泰,臺灣地區與大陸地區人民關係條例第六十六條條文修正草案,縮短大陸繼承人遺產表示期限,2,34,601,0,0,0,0,0
940913,費鴻泰,地方民意代表費用支給及村里長事務補助費補助條例第六條條文修正草案,允許議員自由調整助理薪資,8,39,602,1,0,0,1,0
940913,費鴻泰,勞動基準法第五十六條條文修正草案,政府應就勞退基金公開招標，避免不當運用造成人民損失,4,39,602,0,0,0,0,0
941007,費鴻泰,臺灣地區與大陸地區人民關係條例第三十八條條文修正草案,儘速成立兩岸貨幣清算機制，避免人民幣黑市問題惡化,13,110,602,0,0,0,0,0
941007,費鴻泰,銀行法第六十二條及第六十四條條文修正草案,金融機構之虧損，主管機關應勒令其停業（原為得）,4,33,602,0,0,0,0,0
941021,費鴻泰,限制欠稅人或欠稅營利事業負責人出境實施條例草案,現行法令僅為行政命令位階,13,32,602,0,0,0,0,0
941118,費鴻泰,國民體育法第十三條條文修正草案,使專業運動教練依法任用之制度更為完善,7,37,602,1,1,0,2,1
941118,費鴻泰,教育人員任用條例第四十條條文修正草案,使專業運動教練依法任用之制度更為完善,9,38,602,1,1,0,2,1
950324,費鴻泰,所得稅法第十七條條文修正草案,提高有配偶者之標準扣除額為單身之兩倍，鼓勵結婚,3,53,603,1,1,0,2,1
950324,費鴻泰,所得稅法第十七條條文修正草案2,將全民健康保險費單列為特別扣除額,3,52,603,1,0,0,1,0
950421,費鴻泰,公教人員保險法第四條條文修正草案,確保公教保險監理會之健全運作,9,36,603,0,0,0,0,0
950428,費鴻泰,公務人員退休法增訂第六條之一、第六條之二及第六條之三條文草案,重新定義公務員退休之所得替代率及退休方式選擇,7,33,603,1,1,0,2,1
950505,費鴻泰,立法院職權行使法第七十條及第七十一條之一條文修正草案,黨團協商過程應錄影錄音、全程公開。協商期限縮為一個月,5,40,603,0,0,0,0,0
950512,費鴻泰,學校教職員退休條例增訂第五條之二條文草案,因政府法令導致權益受損時可變更領取退休金方式,4,32,603,1,1,0,2,1
950526,費鴻泰,加值型及非加值型營業稅法部分條文修正草案,金融體質以大幅改善，故金融營業稅應由2%恢復為5%,13,34,603,0,0,0,0,0
950919,費鴻泰,集會遊行法部分條文修正草案,將事前許可制修改為事前報備制,6,40,604,0,0,0,0,0
950919,費鴻泰,勞工保險條例第四條及第十五條條文修正草案,勞保補助費之負擔從中央支付為原則改為由中央全額支付,1,30,604,1,1,0,2,1
950929,費鴻泰,債務催收行為法草案,保障被討債者身心免受危害,6,34,604,0,0,0,0,0
950929,費鴻泰,預算法增訂第三十二條之一條文草案,各機關之計畫凡屬新興資本或支出，應併同預算書送立院審議,8,32,604,0,0,0,0,0
951013,費鴻泰,典試法第二十三條條文修正草案,保障應考人之權利（拿自己的考卷副本）,3,32,604,0,0,0,0,0
951013,費鴻泰,國有財產法第五十三條條文修正草案,100平以上非公用國有土地增加須經立院同意，避免賤賣國產,3,51,604,0,0,0,0,0
951020,費鴻泰,勞工保險條例第五十九條條文修正草案,保障退休勞工之權益,6,52,604,1,1,0,2,1
951027,費鴻泰,公共場所哺育母乳條例草案,保障婦女能在公共空間哺乳,5,35,604,0,0,0,0,0
951201,費鴻泰,所得稅法第五條之一及第十七條條文修正草案,教育特別扣除額依就讀人數計算,7,53,604,1,1,0,2,1
951212,費鴻泰,臺灣地區與大陸地區人民關係條例第三十五條條文修正草案,放寬對於台商投資大陸之金額或比例，確保競爭力,10,95,604,1,0,0,1,0
951215,費鴻泰,特殊境遇婦女家庭扶助條例名稱及部分條文修正草案,保障受家暴的男人,6,33,604,1,1,0,2,1
951222,費鴻泰,全民健康保險法增訂第二十八條之一及第二十九條之一條文草案,健保補助費應由中央全額負擔,4,42,604,1,0,1,2,1
960112,費鴻泰,行政訴訟法增訂第二百四十一條之一條文草案,增訂稅務行政事件級其他會計師法定業務事件，會計師為法定代理人之規定,3,32,604,0,0,0,0,0
961019,費鴻泰,財政收支劃分法修正草案,擴大統籌分配款稅模，解決地方財政問題,7,30,606,1,0,1,2,1
961102,費鴻泰,中華民國刑法部分條文修正草案,有關公務員侵吞國庫,2,35,606,0,0,0,0,0
940408,蕭美琴,入出國及移民法修正草案,保障外國人及歸化者之人權,7,53,601,0,0,0,0,0
940506,蕭美琴,國際合作發展法草案,善盡國際義務，於國際上廣結善緣，洗刷金錢外交之負面印象,3,70,601,0,0,0,0,0
940930,蕭美琴,入出國及移民署組織法草案,入出國境之人流甚高，但相關事務之法令不足，必須整合現行組織架構以因應,2,40,602,0,0,0,0,0
941007,蕭美琴,殺傷性地雷管制條例草案,順應國際反地雷運動之潮流,11,62,602,0,0,0,0,0
941007,蕭美琴,家庭暴力防治法部分條文修正草案,家暴法仍有不少缺失，故提出修正,27,112,602,0,0,0,0,0
941028,蕭美琴,所得稅法第十七條條文修正草案,在職進修者也應適用於教育特別扣除額,2,33,602,1,1,0,2,1
941223,蕭美琴,黑名單檔案解密條例草案,回復過去戒嚴時期黑名單人士之名譽，撫平歷史傷痛,2,45,602,0,1,0,1,0
950106,蕭美琴,入出國及移民法修正草案,因應國際潮流,2,41,602,0,0,0,0,0
950331,蕭美琴,就業服務法第五十八條條文修正草案,為保障雇主之權益，外國勞工失去聯絡時，雇主可申請遞補。而非一定要死亡或離職,1,30,603,0,0,0,0,0
950407,蕭美琴,商品標示法第九條條文修正草案,應標示動物毛皮之原產地,1,37,603,0,0,0,0,0
950512,蕭美琴,國籍法部分條文修正草案,有關外國人歸化的事,1,40,603,0,0,0,0,0
950512,蕭美琴,國民體育法第十二條條文修正草案,鼓勵企業參與體育事業（准抵年度營利事業所得稅額）,2,43,603,1,1,0,2,1
950919,蕭美琴,行政院農業委員會組織條例部分條文修正草案,增設動物保護處,5,34,604,0,0,0,0,0
950919,蕭美琴,菸酒管理法第三十三條條文修正草案,啤酒類之飲品必須標示熱量,3,39,604,0,0,0,0,0
950919,蕭美琴,遺產及贈與稅法第七條條文修正草案,將被繼承人死亡的前兩年之贈與併入遺產稅之計算，以避免逃稅,2,31,604,0,0,0,0,0
951020,蕭美琴,同性婚姻法草案,尊重人民有其結婚之自由意志,4,35,604,0,0,0,0,0
951020,蕭美琴,動物保護法部分條文修正草案,保護動物不受虐，訂定相關規範,4,57,604,0,0,0,0,0
951020,蕭美琴,公職人員財產申報法第五條及第六條條文修正草案,將公職人員接受餽贈或招待併入財產申報之範圍,3,46,604,0,0,0,0,0
951027,蕭美琴,道路交通管理處罰條例第九十二條條文修正草案,現行法規對於重機使用者的管理有不公之處，應與保障,3,46,604,0,1,0,1,0
951103,蕭美琴,貨物稅條例第十一條條文修正草案,將音樂落實為文化資產之一部分，降低音響之進口稅,1,33,604,1,1,0,2,1
951215,蕭美琴,野生動物保育法第二十四條、第二十五條及第五十一條條文修正草案,馬戲團威脅大眾安全、國家防疫、剝削動物福利，希望立法抵制,3,30,604,0,0,0,0,0
951222,蕭美琴,政治獻金法第二十一條條文修正草案,尚未當選時所募之政治獻金，需在當選後兩年內花光，不符現狀，改為任期結束內。,2,52,604,0,0,0,0,0
960105,蕭美琴,入出國及移民法第十條條文修正草案,現行法令對於在國外出生之無戶籍國民申請在台定居限制過於嚴苛，阻礙海外僑胞回台工作定居之意願,8,135,604,0,0,0,0,0
960410,蕭美琴,國民年金法草案,國民年金制度已延宕多年,16,44,605,1,1,0,2,1
960410,蕭美琴,勞工保險條例部分條文修正草案,由一次給付改為按月領取,18,47,605,1,1,0,2,1
960410,蕭美琴,溫室氣體減量法草案,強調環境正義與國際接軌,17,38,605,0,0,0,0,0
960413,蕭美琴,促進產業升級條例第一條條文修正草案,增加運動產業之適用,8,36,605,1,1,0,2,1
960413,蕭美琴,兩性工作平等法名稱及部分條文修正草案,兩性平等,3,41,605,0,0,0,0,0
960504,蕭美琴,公益彩券發行條例第四條、第六條及第十一條條文修正草案,將運動彩券盈餘之使用於運動特種公益彩券管理辦法中規範,7,31,605,0,0,0,0,0
961005,蕭美琴,國家安全法第九條條文修正草案,不當限制受政治迫害者之訴訟權,4,42,606,1,1,0,2,1
961107,蕭美琴,文化創意產業發展法草案,提昇我國之國際品牌及形象,2,32,606,0,0,0,0,0
940422,鄭運鵬,國民大會代表報酬及費用支給條例,廢止國代報酬及費用支給,5,40,601,0,0,0,0,0
940422,鄭運鵬,國民大會組織法部分條文修正草案,廢止國代報酬及費用支給,5,40,601,0,0,0,0,0
940506,鄭運鵬,勞工保險條例部分條文修正草案,殘廢給付改為失能年金，身心障礙者可提前退休,10,49,601,1,1,0,2,1
940513,鄭運鵬,中華民國刑法部分條文修正草案,保障依法執行公務之公務員法益（殺警奪槍）,6,35,601,0,0,0,0,0
940923,鄭運鵬,立法院各委員會組織法第三條之一條文修正草案,被起訴之立委不能參加司法委員會,3,35,602,0,0,0,0,0
940930,鄭運鵬,立法院職權行使法第七十一條條文修正草案,朝野協商應透明公開,1,35,602,0,0,0,0,0
941125,鄭運鵬,建築法第十三條及第六十條條文修正草案,建築物之設計人及監造人不應以建築師為限,9,36,602,1,0,0,1,0
941216,鄭運鵬,立法院職權行使法第三條條文修正草案,提高民選首長賄選刑罰,1,32,602,0,0,0,0,0
950106,鄭運鵬,電子訊息管理條例草案,防止垃圾信件,1,34,602,0,0,0,0,0
950224,鄭運鵬,中華民國刑法刪除第二百三十五條條文草案,這是打擊合法業者的法律,1,31,603,0,0,0,0,0
950303,鄭運鵬,低放射性廢棄物最終處置設施場址設置條例草案,讓選址程序、回饋金制度等資訊公開透明，明示公投規定,1,30,603,0,0,0,0,0
950414,鄭運鵬,勞動基準法部分條文修正草案,將婚假、喪假、事假之事由及日數，明文規定於此,1,32,603,0,0,0,0,0
950414,鄭運鵬,兩性工作平等法第十五條條文修正草案,修法延長陪產假為七日,1,32,603,0,0,0,0,0
950519,鄭運鵬,私立學校法第二十九條條文修正草案,避免少數董事代表消極不做為影響校務推動,2,32,603,0,0,0,0,0
951020,鄭運鵬,同性婚姻法草案,尊重人民依其意願結婚、組成家庭,4,35,604,0,0,0,0,0
951110,鄭運鵬,道路交通管理處罰條例第九條之一條文修正草案,44條違反法律保留原則，應當明文規定,3,39,604,0,0,0,0,0
960316,鄭運鵬,公務員服務法第十四條之一及第二十二條之一條文修正草案,旋轉門條款,2,35,605,0,0,0,0,0
960420,鄭運鵬,高等考試法官檢察官律師考試條例草案,將法律係所變為三年制專業研究所,15,146,605,0,0,0,0,0
960420,鄭運鵬,地方制度法部分條文修正草案,取消鄉鎮市長選舉,1,31,605,0,0,0,0,0
960511,鄭運鵬,技師法部分條文修正草案,技師法有關懲戒規定過於嚴苛,2,44,605,0,0,0,0,0
960518,鄭運鵬,刑事訴訟法部分條文修正草案,保障潛藏被告知名譽及隱私,12,65,605,0,0,0,0,0
960601,鄭運鵬,刑事訴訟法第一百二十四條及第二百四十五條條文修正草案,有關檢調搜索之事項,12,65,605,0,0,0,0,0
961005,鄭運鵬,鐵路法部分條文修正草案,讓政府約束台鐵的法令鬆綁,2,31,606,0,0,0,0,0
961026,鄭運鵬,土木建設法草案,增建土木工程建設之許可制度、促進公共安全,8,41,606,0,0,0,0,0
961026,鄭運鵬,民法第一千一百二十條條文修正草案,由法院介入未成年人扶養之方法,4,33,606,0,0,0,0,0
961107,鄭運鵬,管理外匯條例第二十四條條文修正草案,增定但書沒入金額以60萬元為上限,1,32,606,0,0,0,0,0
940913,高建智,地方民意代表費用支給及村里長事務補助費補助條例第六條條文修正草案,允許議員自由調整助理薪資,8,39,602,1,0,0,1,0
941021,高建智,政治獻金法第十一條條文修正草案,確保參選人收受政治獻金之權益,8,32,602,1,0,0,1,0
941021,高建智,地方制度法增訂第八十三條之一條文草案,調整公職人員任期，整併選舉期程,8,32,602,0,0,0,0,0
941125,高建智,衛星廣播電視法第九條條文修正草案,促使傳媒運作公開透明，以達到全民監督,1,43,602,0,0,0,0,0
941125,高建智,有線廣播電視法第十九條條文修正草案,促使傳媒運作公開透明，以達到全民監督,1,43,602,0,0,0,0,0
941125,高建智,廣播電視法第五條條文修正草案,促使傳媒運作公開透明，以達到全民監督,1,43,602,0,0,0,0,0
950531,高建智,國防部組織法修正草案,配合國防法修正，組織亦應隨之調整,9,38,603,0,0,0,0,0
960330,高建智,老年農民福利津貼暫行條例第四條條文修正草案,提高金額,8,32,605,1,1,0,2,1
960410,高建智,溫室氣體減量法草案,強調環境正義與國際接軌,17,38,605,0,0,0,0,0
960601,高建智,老人福利法第二十五條條文修正草案,公立醫院應與半價優惠,1,31,605,1,1,0,2,1
961107,高建智,地籍清理條例第二十九條條文修正草案,地上權登記現況之修改,2,30,606,0,0,0,0,0
961130,高建智,發展觀光條例部分條文修正草案,增列遊覽車客運業為優惠貸款之對象,3,30,606,1,1,0,2,1
940520,周守訓,所得稅法第十七條條文修正草案,特別教育扣除額應每名扣兩萬五,3,39,601,1,1,0,2,1
940520,周守訓,職工福利金條例部分條文修正草案,將中央健保局等社會保險機構排除本法之適用,1,33,601,0,0,0,0,0
940520,周守訓,公營事業移轉民營條例第六條條文修正草案,公營事業移轉民營不得採協議,1,35,601,0,0,0,0,0
941028,周守訓,公職人員選舉罷免法第五十條條文修正草案,刪除選舉公報應刊載出生地之規定,2,30,602,0,0,0,0,0
941007,周守訓,總統副總統選舉罷免法第四十四條條文修正草案,刪除選舉公報應刊載出生地之規定,2,37,602,0,0,0,0,0
941118,周守訓,教育人員任用條例第四十條條文修正草案,使專任運動教練依法任用之制度更趨完善,9,36,602,1,1,0,2,1
950111,周守訓,著作權法部分條文修正草案,防範不肖盜版業者,5,52,602,0,0,0,0,0
950512,周守訓,能源稅條例草案,因應國際趨勢，鼓勵節約能源，達成溫室氣體減量,17,117,603,0,0,0,0,0
950519,周守訓,私立學校法第二十九條條文修正草案,避免少數校董代表消極不作為而使校務無法推動,2,32,603,0,0,0,0,0
951027,周守訓,赦免法第六條條文修正草案,明確規範赦免之程序，避免總統濫用赦免權，迴避司法,2,32,604,0,0,0,0,0
951110,周守訓,集會遊行法修正草案,許可制改為自願報備制等,5,43,604,0,0,0,0,0
960112,周守訓,公職人員財產申報法部分條文修正草案,規範公職人員財產來源不明之處罰，以改正政治風氣,4,33,604,0,0,0,0,0
960118,周守訓,公職人員選舉罷免法第十五條及第二十條條文修正草案,保障我國駐外人員之選舉權,8,58,604,0,0,0,0,0
960118,周守訓,總統副總統選舉罷免法第十二條條文修正草案,保障我國駐外人員之選舉權,8,55,604,0,0,0,0,0
960615,周守訓,房屋稅條例第十五條條文修正草案,放寬水患地區房屋稅減免規定,1,30,605,1,1,0,2,1
960615,周守訓,所得稅法第十七條條文修正草案,放寬所得稅扣除額規定,1,31,605,1,1,0,2,1
960615,周守訓,所得稅法第三十六條條文修正草案,放寬所得稅扣除額規定,1,30,605,1,1,0,2,1
961012,周守訓,民法部分條文修正草案,避免父債子還的弊病,10,40,606,0,0,0,0,0
940401,李敖,交通部郵電事業人員退休撫卹條例部分條文修正草案,中華電信民營化，為確保該公司員工之權益,6,31,601,1,1,0,2,1
941021,李敖,限制欠稅人或欠稅營利事業負責人出境實施條例草案,專門規範人民因欠繳稅款或罰緩而限制出境事項,13,32,602,0,0,0,0,0
950512,李敖,能源稅條例草案,因應國際趨勢、鼓勵節約能源,17,117,603,0,0,0,0,0
951117,李敖,專利法第七十六條條文修正草案,強制授權得為針對不公平競爭行為之救濟方法,9,55,604,0,0,0,0,0
960420,李敖,高等考試法官檢察官律師考試條例草案,將法律係所變為三年制專業研究所,15,146,605,0,0,0,0,0
940325,李慶安,所得稅法第十七條條文修正草案,學費之特別扣除額應以每人所繳之學雜費為限,13,36,601,1,1,0,2,1
940401,李慶安,公職人員選舉罷免法第三十八條條文修正草案,村里長選舉應比照其它公職選舉，繳納一定保證金,3,30,601,0,0,0,0,0
940401,李慶安,所得稅法第十一條條文修正草案,保險人員申報時得扣除一定比例之業務必要費用,9,31,601,1,1,0,2,1
940415,李慶安,電腦處理個人資料保護法部分條文修正草案,加強個人資料之保護,3,36,601,0,0,0,0,0
940415,李慶安,臺灣地區與大陸地區人民關係條例第九條條文修正草案,內政部要求提供赴大陸人事之資料，侵犯隱私權,3,35,601,0,0,0,0,0
940513,李慶安,家庭暴力防治法修正草案,擴大保護令對象等,5,31,601,0,1,0,1,0
940916,李慶安,冷凍空調業管理條例部分條文修正草案,業必歸會,8,58,602,0,0,0,0,0
941118,李慶安,地方民意代表費用支給及村里長事務補助費補助條例第六條條文修正草案,縣市議員得彈性運用、自由調整助理薪資,1,30,602,0,0,0,0,0
941118,李慶安,教師待遇條例草案,明訂教師敘薪級績效獎金之法源，並保障軍訓護理教師權益,7,31,602,1,1,0,2,1
941125,李慶安,建築法第十三條及第六十條條文修正草案,建築物之設計人及建造人不應以建築師為限,9,36,602,1,0,0,1,0
950421,李慶安,公教人員保險法第四條條文修正草案,健全公教保險監理制度健全運作,9,36,603,0,0,0,0,0
950519,李慶安,公民投票法第二條及第十七條條文修正草案,修憲有關事項不應列為公民投票之事項,2,42,603,0,0,0,0,0
950519,李慶安,立法院職權行使法第四十二條及第四十四條條文修正草案,有關彈劾總統、副總統之事項,2,43,603,0,0,0,0,0
950519,李慶安,臺灣地區與大陸地區人民關係條例第二十二條條文修正草案,承認大陸學歷,3,63,603,0,0,0,0,0
950519,李慶安,刑事訴訟法部分條文修正草案,維護證人之基本人權,2,43,603,0,0,0,0,0
950929,李慶安,大學法第二十六條條文修正草案,延長身心障礙者修業年限，讓他們完成學業,7,40,604,0,0,0,0,0
951027,李慶安,貪污治罪條例部分條文修正草案,健全肅貪之機制,8,51,604,0,0,0,0,0
951027,李慶安,赦免法第六條條文修正草案,明確規範赦免行使之程序,2,32,604,0,0,0,0,0
951110,李慶安,臺灣地區與大陸地區人民關係條例第十七條條文修正草案,大陸配偶取得身份證應比照外籍配偶,8,42,604,0,0,0,0,0
951229,李慶安,都市更新條例第二十五條之一條文修正草案,現行法規讓都市更新會因達不到人數規定門檻而受制擱淺。,6,36,604,0,0,0,0,0
960511,李慶安,職業學校法第四條條文修正草案,主管教育機關之修正,4,33,605,0,0,0,0,0
960615,李慶安,補習及進修教育法修正草案,boring………,3,30,605,0,0,0,0,0
961005,李慶安,全民健康保險法第十九條及第二十一條條文修正草案,有關勞工的保費，是在剝削弱勢,19,46,606,1,1,0,2,1
961026,李慶安,土木建設法草案,增建土木工程建設之許可制度、促進公共安全,8,41,606,0,0,0,0,0
940318,林郁方,軍人撫卹條例第十八條條文修正草案,落實軍人及眷屬之照顧（撫卹金）,5,49,601,1,1,0,2,1
940318,林郁方,行政院組織法第三條條文修正草案,落實軍人照顧，將退輔會改制為退伍軍人事務部,9,35,601,1,1,0,2,1
940913,林郁方,兵役法部分條文修正草案,降低除役年齡，減少後備軍人列管人數,4,34,602,0,0,0,0,0
941014,林郁方,敏感科學技術及競爭力保護法草案,保護敏感科技(國安),9,43,602,0,0,0,0,0
941014,林郁方,國軍老舊眷村改建條例增訂第十八條之一條文草案,支出26億元完成老舊眷村之改建,4,59,602,1,1,0,2,1
941014,林郁方,國軍老舊眷村改建條例第二十一條之一及第二十二條條文修正草案,未達3/4人數同意，不得改建之門檻過高,3,62,602,0,0,0,0,0
941118,林郁方,國軍老舊眷村改建條例第五條條文修正草案,保障眷戶子女合法財產權及繼承權,2,31,602,1,0,0,1,0
950317,林郁方,國防部組織法修正草案,僅有條文資料,2,34,603,0,0,0,0,0
950317,林郁方,國防工業發展基金設置條例第十條條文修正草案,明訂該基金之預算、決算及應送立法院之時間,1,34,603,0,0,0,0,0
950331,林郁方,國防法修正草案,針對聯合作戰、組織架構、軍事教育等提出興革,9,38,603,0,0,0,0,0
950331,林郁方,陸海空軍軍官士官任職條例修正草案,配合國防法修正，建立專業之軍隊,7,37,603,0,0,0,0,0
950331,林郁方,軍事教育條例修正草案,配合國防法修正,,9,38,0,0,0,0,0
950331,林郁方,國防部軍備局組織條例第五條條文修正草案,明訂中山科學研究院組織定位,9,37,603,0,0,0,0,0
950331,林郁方,國防部參謀本部組織條例第三條、第六條及第七條條文修正草案,配合國防法修正,,9,38,0,0,0,0,0
951013,林郁方,冤獄賠償法部分條文修正草案,依據審判法被羈押，縱有受冤卻無從獲陪，於理不合,2,32,604,1,1,0,2,1
960427,林郁方,立法委員行為法第七條條文修正草案,主席可召喚警衛維持秩序,2,68,605,0,0,0,0,0
960525,林郁方,工會法部分條文修正草案,明文規定工會之法律定位,6,49,605,0,0,0,0,0
940401,林郁方,海峽兩岸和平促進法草案,凝聚朝野共識、推動兩岸和平,黨團提案,黨團提案,601,0,0,0,0,0
940401,潘維剛,行政院金融重建基金設置及管理條例部分條文修正草案,上屆已取得高度共識，但仍未完成立法,17,147,601,0,0,0,0,0
940408,潘維剛,所得稅法第十七條及第一百二十六條條文修正草案,提高有配偶者之標準扣除額，鼓勵結婚,6,45,601,1,1,0,2,1
940408,潘維剛,漁港法第十八條條文修正草案,漁港得有條件開放民眾垂釣,3,45,601,0,0,0,0,0
940415,潘維剛,中央行政機關組織基準法第二條及第六條條文修正草案,將警政署等維護社會秩序之單位，整合成立警政總署,6,31,601,0,0,0,0,0
940513,潘維剛,殯葬管理條例部分條文修正草案,現行條例與地方風土名情不服，多有罣礙難行,3,30,601,0,0,0,0,0
940513,潘維剛,性侵害犯罪防治法第八條條文修正草案,本法未若其它相關法律般，有性侵害通報之規定，故修正之,3,34,601,0,0,0,0,0
940520,潘維剛,中華民國刑法第十條、第七十七條及第一百三十五條條文修正草案,加重殺警之罰則,2,47,601,0,0,0,0,0
940520,潘維剛,行政院衛生署中醫藥委員會組織條例部分條文修正草案,於中醫藥委員會中增設傳統醫療組，專門負責傳統療法之事務,4,52,601,0,0,0,0,0
940527,潘維剛,警察勤務條例第十一條條文修正草案,有效運用現行警力,4,30,601,0,0,0,0,0
940527,潘維剛,所得稅法第十七條及第三十六條條文修正草案,無論公私立學校，捐贈之所得稅扣除額應一致,6,38,601,1,1,0,2,1
940913,潘維剛,地方民意代表費用支給及村里長事務補助費補助條例第六條條文修正草案,允許議員自由調整助理薪資,8,39,602,1,0,0,1,0
940913,潘維剛,臺灣地區與大陸地區人民關係條例第九條條文修正草案,使基層員警赴大陸旅遊和一般人民相同,8,30,602,0,0,0,0,0
940923,潘維剛,驗光師與配鏡師法草案,從事驗光業務者，不宜開設眼鏡店,4,33,602,0,0,0,0,0
941007,潘維剛,臺灣地區與大陸地區人民關係條例第三十八條條文修正草案,儘速建立兩岸貨幣清算機制,13,110,602,0,0,0,0,0
941007,潘維剛,家庭暴力防治法部分條文修正草案,家暴法仍有不少缺失，一併修改之,27,112,602,0,0,0,0,0
951013,潘維剛,典試法第二十三條條文修正草案,國家考試之應考人可以申請其考卷之複製本,3,32,604,0,0,0,0,0
951124,潘維剛,國軍老舊眷村改建條例第二十三條條文修正草案,照顧眷村的違佔戶？？？,5,36,604,1,1,0,2,1
951212,潘維剛,臺灣地區與大陸地區人民關係條例第三十五條條文修正草案,放寬企業赴大陸投資金額或比例上限,9,83,604,1,0,0,1,0
960330,潘維剛,記帳士法第二條條文修正草案,領有記帳及報稅代理業務人證明書者，得換領記帳士證書,20,98,605,0,0,0,0,0
960410,潘維剛,審計法增訂第七十八條之一條文草案,有關特別費使用問題之修正,3,38,605,0,0,0,0,0
960511,潘維剛,海關進口稅則部分稅則修正草案,調降汽車零件進口關稅,1,50,605,1,1,0,2,1
960525,潘維剛,家庭暴力防治法第十條條文修正草案,,1,34,605,1,1,0,2,1
960601,潘維剛,國軍老舊眷村改建條例第二十四條條文修正草案,放寬時間限制，以利眷戶進行產權交換,4,36,605,0,0,0,0,0
960615,潘維剛,公務人員俸給法第四條條文修正草案,調整七職等、八職等公務員之薪俸,6,30,605,1,1,0,2,1
941104,王世堅,營造業法部分條文修正草案,使營造法中專任工程人員一詞定義更詳細,2,35,602,0,0,0,0,0
941125,王世堅,建築法第十三條及第六十條條文修正草案,建築物之設計人及監造人不應以建築師為限,9,36,602,1,0,0,1,0
950111,王世堅,營造業法部分條文修正草案,將專任工程人員改成技師,3,31,602,0,0,0,0,0
950421,王世堅,所得稅法第十七條條文修正草案,將全民健保費納入特別扣除額之規範內,2,30,603,1,0,0,1,0
950919,王世堅,促進產業升級條例增訂第十九條之四條文草案,對企業有利,2,30,604,1,1,0,2,1
960410,王世堅,國民年金法草案,國民年金制度已延宕多年,16,44,605,1,1,0,2,1
960410,王世堅,勞工保險條例部分條文修正草案,由一次給付改為按月領取,18,47,605,1,1,0,2,1
960410,王世堅,溫室氣體減量法草案,強調環境正義與國際接軌,17,38,605,0,0,0,0,0
961005,王世堅,二二八事件及戒嚴時期政府違法責任追究特別條例草案,讓他們可以向政府追討,3,31,606,1,1,0,2,1
940422,藍美津,臺灣地區與大陸地區人民關係條例第三十八條條文修正草案,將涉及銀行業務之條文，配合機關改制修正為行政院金管會,2,38,601,0,0,0,0,0
940429,藍美津,土地法第十四條條文修正草案,日據時代寺廟被佔，後被指定為古蹟，依本條不得為私有，故修改之,5,38,601,1,1,0,2,1
940513,藍美津,殯葬管理條例部分條文修正草案,立法規範賓葬業務,3,30,601,0,0,0,0,0
940913,藍美津,地方民意代表費用支給及村里長事務補助費補助條例第六條條文修正草案,允許議員自由調整助理薪資,8,39,602,1,0,0,1,0
940923,藍美津,教師法增訂第十七條之一條文草案,鼓勵大專院校教師配合產學合作，放寬教師兼職、留職停薪、借調之相關規定,2,40,602,1,1,0,2,1
940923,藍美津,教育人員任用條例部分條文修正草案,鼓勵大專院校教師配合產學合作，放寬教師兼職、留職停薪、借調之相關規定,2,40,602,1,1,0,2,1
940923,藍美津,學校教職員退休條例增訂第八條之一條文草案,鼓勵大專院校教師配合產學合作，放寬教師兼職、留職停薪、借調之相關規定,2,39,602,1,1,0,2,1
940923,藍美津,教師法增訂第十七條之一條文草案,鼓勵大專院校教師配合產學合作，放寬教師兼職、留職停薪、借調之相關規定,2,40,602,1,1,0,2,1
941007,藍美津,國民教育法第五條及第八條之三條文修正草案,國小之教科書以及國中部分科目採免費借用制,3,33,602,1,1,0,2,1
941007,藍美津,家庭暴力防治法部分條文修正草案,家暴法有不少規範上的缺失，應予修正,27,112,602,0,0,0,0,0
941028,藍美津,災害防救法第二條、第三條及第二十四條條文修正草案（無法存檔）,將海嘯增訂於災害防救法中,2,48,602,0,0,1,1,0
941111,藍美津,家庭暴力防治法第二十二條及第四十一條條文修正草案,排除家庭暴利罪告訴乃論追訴之限制,6,47,602,0,0,0,0,0
941118,藍美津,行政院福佬委員會組織條例草案,統籌規劃辦理福佬文化復興,4,62,602,0,0,0,0,0
941230,藍美津,所得稅法第十七條條文修正草案,子女的學校住宿費可列舉扣除,2,37,602,1,1,0,2,1
950421,藍美津,全民健康保險法第八十七條之二條文修正草案,應編列預算補助經濟特殊困難者參加健保,4,42,603,1,1,0,2,1
950512,藍美津,老人福利法修正草案,維護老人尊嚴、保障老人權益,17,60,603,1,1,0,2,1
950519,藍美津,國民教育法第十條條文修正草案,聘用專業人員、設置專業學生輔導單位,5,53,603,0,1,0,1,0
951020,藍美津,國民教育法增訂第七條之一條文草案,學校提供技藝課程選習供國三學生自由參加,6,41,604,0,0,0,0,0
960105,藍美津,兒童及少年福利法第三十四條及第四十七條條文修正草案,將里幹事、村里長納為責任通報者，以期減少兒童受虐事件,4,42,604,0,0,0,0,0
960309,藍美津,就業服務法第五條條文修正草案,明確規定勞工可能遭受歧視之範圍,4,37,605,0,0,0,0,0
960410,藍美津,電子遊戲場業管理條例第十七條條文修正草案,落實電子遊戲場業分及之管理,2,33,605,0,0,0,0,0
960413,藍美津,教育經費編列與管理法第二條、第三條及第十三條條文修正草案,落實教育經費專款專用，提升教育經費使用績效,4,41,605,0,0,0,0,0
961019,藍美津,公益彩券發行條例第八條條文修正草案,擴大身心障礙者及原住民就業機會,2,51,606,1,0,0,1,0
961019,藍美津,都市更新條例第二十五條之一及第三十六條條文修正草案,申請徵收時不需重複徵收以簡化程序,4,42,606,0,0,0,0,0
961116,藍美津,大學法第二條、第五條及第二十一條條文修正草案,有關大學評鑑,4,34,606,0,0,0,0,0
940318,賴士葆,老人福利法增訂第九條之一條文草案,將收容老人人數未滿九人之私立機構，和第九條之長期照顧作區隔，並另訂規範設立標準,1,42,601,0,0,0,0,0
940318,賴士葆,道路交通管理處罰條例部分條文修正草案,小客車負載幼童之安全宣導辦法中，幼童之定義過於模糊,1,40,601,0,0,0,0,0
940401,賴士葆,行政院金融重建基金設置及管理條例部分條文修正草案,上屆有共識，但未完成立法程序,17,147,601,0,0,0,0,0
940408,賴士葆,就業服務法第六十條條文修正草案,現行規定對雇主不公平，故提案修法,1,35,601,1,1,0,2,1
940422,賴士葆,宗教團體法草案,宗教雖為人民自由，但也不能漫無規範。應立法加以規範,1,37,601,0,0,0,0,0
940422,賴士葆,公司法增訂第一百七十二條之一、第一百七十七條之一及第一百七十七條之二條文草案,明訂股東表決權行使方式，賦予股東提案權,1,32,601,0,0,0,0,0
940422,賴士葆,二○○八臺灣博覽會條例草案,一方面讓行政機關推動有依循，另一方面可以納入立法院之監督,1,35,601,0,0,0,0,0
940506,賴士葆,自由貿易港區設置管理條例部分條文修正草案,不將大陸地區排除於自由貿易港地區之外,1,32,601,0,0,0,0,0
940506,賴士葆,子女扶養法草案,專法保障父母獲子女撫養之權利,1,34,601,0,0,0,0,0
940506,賴士葆,兵役法第三條、第十六條及第三十二條條文修正草案,降低義務役官兵除役年齡，吸引國外優質青年提早返國服務,1,34,601,0,1,0,1,0
940520,賴士葆,公司法部分條文修正草案,現行法規對於公司重整章節的規範過於嚴苛且不足,5,47,601,0,0,0,0,0
940520,賴士葆,經濟刑法草案,對於經濟犯罪者之處罰,1,48,601,0,0,0,0,0
940913,賴士葆,水患治理條例草案,使防災工程建設回歸總預算審議體制，而不是尋特別預算辦理,1,30,602,0,0,0,0,0
940916,賴士葆,冷凍空調業管理條例部分條文修正草案,業必歸會,8,58,602,0,0,0,0,0
940923,賴士葆,行政院勞工退休基金監理委員會組織法草案,讓監督管理勞退基金機制更加超然獨立,1,44,602,0,0,0,0,0
940923,賴士葆,加值型及非加值型營業稅法第十條條文修正草案,營業稅率的調整範圍應由立法院審議過後方能為之,1,49,602,0,0,0,0,0
940923,賴士葆,政府採購法第一百十一條條文修正草案,公共工程建設計畫必須完成先期興建成效與使用效益評估,1,45,602,0,0,0,0,0
940923,賴士葆,政府採購法第八十五條之一條文修正草案,有關機關與廠商簽約之採購爭議與調解,1,37,602,0,0,0,0,0
940930,賴士葆,兒童及少年福利法第三十條及第五十八條條文修正草案,有效監管強迫、引誘、媒介自殺行為之資料提供者,2,33,602,0,0,0,0,0
941007,賴士葆,銀行法第六十二條及第六十四條條文修正草案,金融機構之重大虧損，主管機關應勒令停業。（原為得）,4,33,602,0,0,0,0,0
941021,賴士葆,公營事業移轉民營條例部分條文修正草案,公營事業移轉民營之過程予以明文規範,2,45,602,0,0,0,0,0
941021,賴士葆,中央行政機關組織基準法第四條及第十一條條文修正草案,確保立院對行政院組織之監督,1,40,602,0,0,0,0,0
941028,賴士葆,所得基本稅額條例草案,擴大稅基、納入個人境外所得、訂定個人免稅門檻,1,42,602,0,0,0,0,0
941028,賴士葆,電腦處理個人資料保護法第三條條文修正草案,將電子郵件帳號、網路使用記錄、手機號碼規範在個人資料的範圍，保障民眾隱私權,1,37,602,0,0,0,0,0
941125,賴士葆,建築法第十三條及第六十條條文修正草案,建築物之社記人及監造人不應以建築師為限,9,36,602,1,0,0,1,0
941209,賴士葆,公務人員退休法部分條文修正草案,將退休公務員之優惠存款及養老給付正式納入法律位階,2,35,602,1,1,0,2,1
941216,賴士葆,政府採購法部分條文修正草案,有關機關與廠商簽約之採購爭議與調解,1,35,602,0,0,0,0,0
950324,賴士葆,卸任總統副總統禮遇條例第二條條文修正草案,限縮正副總統之禮遇範圍與年限,1,42,603,0,0,0,0,0
950407,賴士葆,會計師法修正草案,會計師法已不合時宜,6,30,603,0,0,0,0,0
950421,賴士葆,公教人員保險法第四條條文修正草案,建立公教保險監理會之健全運作,9,36,603,0,0,0,0,0
950428,賴士葆,行政區劃法草案,看無,4,36,603,0,0,0,0,0
950505,賴士葆,臺灣地區與大陸地區人民關係條例第二十二條條文修正草案,全面採認大陸學歷,1,39,603,0,0,0,0,0
950505,賴士葆,臺灣地區與大陸地區人民關係條例第三十五條條文修正草案,放寬企業赴大陸投資之限額管制,1,37,603,1,0,0,1,0
950526,賴士葆,全民健康保險法部份條文修正草案,健保保費之調整，需經立法院同意後才可實施,1,62,603,0,0,0,0,0
950919,賴士葆,保險法第二十二條條文修正草案,明文規範金錢型信託購買保險所產生之信託財產歸屬與相關義務,1,44,604,0,0,0,0,0
951020,賴士葆,總統副總統選舉罷免法第十三條條文修正草案,實施不在籍投票制度,1,33,604,0,0,0,0,0
951020,賴士葆,決算法第二十二條條文修正草案,反正什麼東西都要送立院審查就對了啦,1,41,604,0,0,0,0,0
951020,賴士葆,中華民國刑法增訂第一百六十條之一條文草案,提案刑法增列族群挑撥罪,1,37,604,0,0,0,0,0
951020,賴士葆,預算法第四十一條條文修正草案,非營利機構的預算要受立院審查,1,47,604,0,0,0,0,0
951212,賴士葆,農藥管理法部分條文修正草案,加重偽劣農藥之加工、販賣之罪刑，因為之前微罪不舉,1,40,604,0,0,0,0,0
960105,賴士葆,銀行法第十二條之一條文修正草案,強化債務人履行償還債務之義務,1,46,604,0,0,0,0,0
960112,賴士葆,中央及地方政府各機關首長與副首長特別費支給條例草案,將中央及地方政府各機關正副首長特別費之預算編列與支用予以法制化,3,52,604,0,0,0,0,0
960302,賴士葆,公職人員選舉罷免法部分條文修正草案,有關司法驗票之改革,1,37,605,0,0,0,0,0
960316,賴士葆,公職人員選舉罷免法部分條文修正草案,有關競選經費之控制，抑止金權政治,1,55,605,0,0,0,0,0
960316,賴士葆,總統副總統選舉罷免法部分條文修正草案,有關司法驗票之改革,1,55,605,0,0,0,0,0
960316,賴士葆,稅捐稽徵法第十八條條文修正草案,有關問書之寄存送達的規定,1,55,605,0,0,0,0,0
960410,賴士葆,公益彩券發行條例第六條條文修正草案,明定公益彩券盈餘中，社福支出之項目,2,41,605,0,0,0,0,0
960525,賴士葆,社會救助法第四條、第五條及第五條之二條文修正草案,放寬貧窮線之審查門檻,1,32,605,1,1,0,2,1
960525,賴士葆,工會法部分條文修正草案,明文規定工會之法律定位,6,49,605,0,0,0,0,0
960525,賴士葆,所得稅法第十七條條文修正草案,增列照護服務費為列舉扣除額項目之一,3,63,605,1,1,0,2,1
960601,賴士葆,證券交易法第一百五十七條之一及第一百七十一條條文修正草案,有效防杜內線交易,1,40,605,0,0,0,0,0
961005,賴士葆,全民健康保險法第十九條及第二十一條條文修正草案,有關勞工的保費，是在剝削弱勢,19,46,606,1,1,0,2,1
961005,賴士葆,民法第一千一百五十六條條文修正草案,限定繼承、拋棄繼承,1,43,606,0,0,0,0,0
961116,賴士葆,政府採購法第八十五條之一條文修正草案,對廠商有利,3,33,606,1,1,0,2,1
961116,賴士葆,工程技術顧問公司管理條例第五條及第六條條文修正草案,提升工程技術顧問業之競爭力,3,32,606,0,0,0,0,0
961123,賴士葆,臺灣地區與大陸地區人民關係條例第九條條文修正草案,,11,32,606,0,0,0,0,0
941014,郭正亮,勞工退休金條例第二十三條條文修正草案,使勞工有自由選擇退休金運用方式之權利,8,98,602,1,0,0,1,0
950106,郭正亮,道路交通管理處罰條例第三十七條條文修正草案,對乘客犯傷害罪之計程車司機，予以吊銷執照,1,31,602,0,0,0,0,0
950106,郭正亮,所得稅法第十一條條文修正草案,純佣金制之保險業務員亦得是用第十四條扣抵必要費用,2,37,602,1,1,0,2,1
950331,郭正亮,所得稅法第十一條條文修正草案,納入純佣金制保險業務員,3,49,603,1,1,0,2,1
950428,郭正亮,臺灣地區與大陸地區人民關係條例第三十六條條文修正草案,取消目前對大陸投資事項中，將銀行業列為禁止類之規定,13,74,603,1,0,0,1,0
940318,黃適卓,警察人員福利法草案,警察人員福利法制化,5,34,601,1,0,0,1,0
940318,黃適卓,性侵害犯罪防治法第八條條文修正草案,加強兒童、青少年自我保護之性知識,5,40,601,0,0,0,0,0
940318,黃適卓,所得稅法第十七條條文修正草案,適度增加保險費用的扣除額,4,33,601,1,1,0,2,1
940325,黃適卓,遊說法草案,使遊說遵循公開、透明程序,4,36,601,0,0,0,0,0
940401,黃適卓,學校教職員撫卹條例第二條條文修正草案,將涉及教職員之重要權利義務提升至本法規範,6,40,601,1,1,0,2,1
940401,黃適卓,學校教職員退休條例第二條條文修正草案,將涉及教職員之重要權利義務提升至本法規範,6,6,38,1,1,0,2,1
940401,黃適卓,所得稅法第十七條條文修正草案,電腦資訊設備支出列舉扣除額,4,37,601,1,1,0,2,1
940408,黃適卓,內政部消防署組織條例第七條條文修正草案,因應災害防救法通過，消防屬急需延攬專業人才,9,36,601,0,0,0,0,0
940415,黃適卓,土地徵收條例第六十一條條文修正草案,土地徵收若未按計畫使用，其申請收回，亦應溯及適用,3,34,601,0,0,0,0,0
940527,黃適卓,娛樂稅法第二條條文修正草案,撞球、保齡球、高爾夫屬運動項目，免課娛樂稅,3,30,601,1,1,0,2,1
940930,黃適卓,就業服務法第五條及第四十條條文修正草案,讓中高齡者獲得就業的新權利,3,37,602,1,0,0,1,0
941007,黃適卓,家庭暴力防治法部分條文修正草案,家暴法仍有不少缺失,27,112,602,0,0,0,0,0
941111,黃適卓,工會法第十六條條文修正草案,消弭因國籍不同所產生之人權歧視,3,33,602,0,0,0,0,0
941118,黃適卓,兒童及少年福利法第三十條及第四十六條條文修正草案,保障新聞事件當事人的基本隱私,3,30,602,0,0,0,0,0
941118,黃適卓,兩性工作平等法第十五條條文修正草案,讓受雇者便於利用陪產假,5,30,602,0,0,0,0,0
941209,黃適卓,勞動基準法第一條及第二十五條條文修正草案,使勞動相關法律在反歧視上呈現一致性,2,31,602,0,0,0,0,0
941223,黃適卓,黑名單檔案解密條例草案,回復戒嚴時期黑名單人事之名譽,2,45,602,0,1,0,1,0
941223,黃適卓,公共債務法第四條條文修正草案,提高政府舉債上限,3,31,602,0,0,0,0,0
950331,黃適卓,債務催收行為法草案,將債務催收行為導入法制管理,7,39,603,0,0,0,0,0
950331,黃適卓,家庭暴力防治法增訂第六條之一條文草案,家暴及性侵害防制工作專款專用,4,38,603,1,1,0,2,1
950919,黃適卓,菸酒管理法第三十三條條文修正草案,啤酒類引品應標示熱量,3,39,604,0,0,0,0,0
950919,黃適卓,農業基本法草案,落實農民權益保障（應編列中央政府總預算15%從事相關業務）,8,95,604,1,1,0,2,1
951020,黃適卓,身心障礙者保護法第四十八條條文修正草案,身心障礙者專用停車位應免費提供低收入戶身心障礙者使用,2,33,604,1,1,0,2,1
951020,黃適卓,商品標示法第九條條文修正草案,增列生產國家名稱為商品標示項目,1,34,604,0,0,0,0,0
951020,黃適卓,食品衛生管理法第十七條條文修正草案,應標示產品國家名稱,1,34,604,0,0,0,0,0
951020,黃適卓,社會救助法第十一條條文修正草案,生活扶助改為食物卷與現金並行，避免濫用,1,35,604,0,0,0,0,0
951027,黃適卓,兒童及少年性交易防制條例第九條及第三十六條條文修正草案,增加網際網路供應者及電信系統業者的通報義務,2,33,604,0,0,0,0,0
951103,黃適卓,敬老福利生活津貼暫行條例第三條條文修正草案,請領資格之限制不符合公平正義,9,43,604,1,1,0,2,1
951117,黃適卓,公務人員退休法第十六條之一條文修正草案,核研所歸建原能會，歸建前之舊年資得提敘併計,4,33,604,1,1,0,2,1
960105,黃適卓,兒童及少年福利法第三十四條及第四十七條條文修正草案,將里幹事、村里長納為責任通報者，以期減少兒童受虐事件,4,42,604,0,0,0,0,0
960413,黃適卓,就業保險法第十條條文修正草案,提供非自願離職勞工就學補助之預算財源,1,34,605,1,1,0,2,1
960504,黃適卓,社會救助法第四條條文修正草案,放寬低收入戶門檻,4,35,605,1,1,0,2,1
960518,黃適卓,電影法部分條文修正草案,加入公會之規範,2,46,605,0,0,0,0,0
960601,黃適卓,兒童及少年福利法第十七條及第十八條條文修正草案,團體亦納入服務對象,2,31,605,1,1,0,2,1
960601,黃適卓,民法第一千零八十條條文修正草案,認祖歸宗,2,32,605,0,0,0,0,0